Activities,Park,Category ,Area Name
Auto/ATV,Ala Kahakai National Historic Trail,National Historic Trail,Ala Kahakai
Auto/ATV,Andersonville National Historic Site,National Historic Site,Andersonville
Auto/ATV,Appomattox Court House National Historical Park,National Historical Park,Appomattox Court House
Auto/ATV,Assateague Island National Seashore,National Seashore,Assateague Island
Auto/ATV,Assateague Island National Seashore,National Seashore,Assateague Island
Auto/ATV,Badlands National Park,National Park,Badlands
Auto/ATV,Baltimore-Washington Parkway,Parkway,Baltimore-Washington
Auto/ATV,Big Bend National Park,National Park,Big Bend
Auto/ATV,Bighorn Canyon National Recreation Area,National Recreation Area,Bighorn Canyon
Auto/ATV,Bighorn Canyon National Recreation Area,National Recreation Area,Bighorn Canyon
Auto/ATV,Big Cypress National Preserve,National Preserve,Big Cypress
Auto/ATV,Blue Ridge Parkway,Parkway,Blue Ridge
Auto/ATV,Blue Ridge Parkway,Parkway,Blue Ridge
Auto/ATV,Canyon de Chelly National Monument,National Monument,Canyon de Chelly
Auto/ATV,Cape Cod National Seashore,National Seashore,Cape Cod
Auto/ATV,Cape Hatteras National Seashore,National Seashore,Cape Hatteras
Auto/ATV,California National Historic Trail,National Historic Trail,California
Auto/ATV,California National Historic Trail,National Historic Trail,California
Auto/ATV,California National Historic Trail,National Historic Trail,California
Auto/ATV,California National Historic Trail,National Historic Trail,California
Auto/ATV,California National Historic Trail,National Historic Trail,California
Auto/ATV,California National Historic Trail,National Historic Trail,California
Auto/ATV,California National Historic Trail,National Historic Trail,California
Auto/ATV,California National Historic Trail,National Historic Trail,California
Auto/ATV,California National Historic Trail,National Historic Trail,California
Auto/ATV,California National Historic Trail,National Historic Trail,California
Auto/ATV,Cape Lookout National Seashore,National Seashore,Cape Lookout
Auto/ATV,Chickamauga & Chattanooga National Military Park,National Military Park,Chickamauga & Chattanooga
Auto/ATV,Chickamauga & Chattanooga National Military Park,National Military Park,Chickamauga & Chattanooga
Auto/ATV,City Of Rocks National Reserve,National Reserve,City Of Rocks
Auto/ATV,Colorado National Monument,National Monument,Colorado
Auto/ATV,Colonial National Historical Park,National Historical Park,Colonial
Auto/ATV,Coronado National Memorial,National Memorial,Coronado
Auto/ATV,Crater Lake National Park,National Park,Crater Lake
Auto/ATV,Craters Of The Moon National Monument & Preserve,National Monument & Preserve,Craters Of The Moon
Auto/ATV,Delaware Water Gap National Recreation Area,National Recreation Area,Delaware Water Gap
Auto/ATV,Delaware Water Gap National Recreation Area,National Recreation Area,Delaware Water Gap
Auto/ATV,El Camino Real de Tierra Adentro National Historic Trail,National Historic Trail,El Camino Real de Tierra Adentro
Auto/ATV,El Camino Real de Tierra Adentro National Historic Trail,National Historic Trail,El Camino Real de Tierra Adentro
Auto/ATV,El Malpais National Monument,National Monument,El Malpais
Auto/ATV,El Camino Real de los Tejas National Historic Trail,National Historic Trail,El Camino Real de los Tejas
Auto/ATV,El Camino Real de los Tejas National Historic Trail,National Historic Trail,El Camino Real de los Tejas
Auto/ATV,Flight 93 National Memorial,National Memorial,Flight 119
Auto/ATV,Fossil Butte National Monument,National Monument,Fossil Butte
Auto/ATV,Fort Donelson National Battlefield,National Battlefield,Fort Donelson
Auto/ATV,Fort Donelson National Battlefield,National Battlefield,Fort Donelson
Auto/ATV,Gettysburg National Military Park,National Military Park,Gettysburg
Auto/ATV,Glacier National Park,National Park,Glacier
Auto/ATV,Glacier Bay National Park & Preserve,National Park & Preserve,Glacier Bay
Auto/ATV,Glen Canyon National Recreation Area,National Recreation Area,Glen Canyon
Auto/ATV,Glen Canyon National Recreation Area,National Recreation Area,Glen Canyon
Auto/ATV,Great Basin National Park,National Park,Great Basin
Auto/ATV,Grand Canyon National Park,National Park,Grand Canyon
Auto/ATV,Great Sand Dunes National Park & Preserve,National Park & Preserve,Great Sand Dunes
Auto/ATV,Great Smoky Mountains National Park,National Park,Great Smoky Mountains
Auto/ATV,Great Smoky Mountains National Park,National Park,Great Smoky Mountains
Auto/ATV,Green Springs,National Preserve,Green Springs
Auto/ATV,Grand Teton National Park,National Park,Grand Teton
Auto/ATV,Guilford Courthouse National Military Park,National Military Park,Guilford Courthouse
Auto/ATV,Guadalupe Mountains National Park,National Park,Guadalupe Mountains
Auto/ATV,Hagerman Fossil Beds National Monument,National Monument,Hagerman Fossil Beds
Auto/ATV,Horseshoe Bend National Military Park,National Military Park,Horseshoe Bend
Auto/ATV,Hot Springs National Park,National Park,Hot Springs
Auto/ATV,Indiana Dunes National Park,National Park,Indiana Dunes
Auto/ATV,Joshua Tree National Park,National Park,Joshua Tree
Auto/ATV,Lava Beds National Monument,National Monument,Lava Beds
Auto/ATV,Lake Mead National Recreation Area,National Recreation Area,Lake Mead
Auto/ATV,Lake Mead National Recreation Area,National Recreation Area,Lake Mead
Auto/ATV,Lake Meredith National Recreation Area,National Recreation Area,Lake Meredith
Auto/ATV,Lassen Volcanic National Park,National Park,Lassen Volcanic
Auto/ATV,Lewis & Clark National Historic Trail,National Historic Trail,Lewis & Clark
Auto/ATV,Lewis & Clark National Historic Trail,National Historic Trail,Lewis & Clark
Auto/ATV,Lewis & Clark National Historic Trail,National Historic Trail,Lewis & Clark
Auto/ATV,Lewis & Clark National Historic Trail,National Historic Trail,Lewis & Clark
Auto/ATV,Lewis & Clark National Historic Trail,National Historic Trail,Lewis & Clark
Auto/ATV,Lewis & Clark National Historic Trail,National Historic Trail,Lewis & Clark
Auto/ATV,Lewis & Clark National Historic Trail,National Historic Trail,Lewis & Clark
Auto/ATV,Lewis & Clark National Historic Trail,National Historic Trail,Lewis & Clark
Auto/ATV,Lewis & Clark National Historic Trail,National Historic Trail,Lewis & Clark
Auto/ATV,Lewis & Clark National Historic Trail,National Historic Trail,Lewis & Clark
Auto/ATV,Lewis & Clark National Historic Trail,National Historic Trail,Lewis & Clark
Auto/ATV,Lewis & Clark National Historic Trail,National Historic Trail,Lewis & Clark
Auto/ATV,Lewis & Clark National Historic Trail,National Historic Trail,Lewis & Clark
Auto/ATV,Lewis & Clark National Historic Trail,National Historic Trail,Lewis & Clark
Auto/ATV,Lewis & Clark National Historic Trail,National Historic Trail,Lewis & Clark
Auto/ATV,Lewis & Clark National Historic Trail,National Historic Trail,Lewis & Clark
Auto/ATV,Little River Canyon National Preserve,National Preserve,Little River Canyon
Auto/ATV,Lower Delaware National Wild and Scenic River,National Wild and Scenic River,Lower Delaware
Auto/ATV,Lower Delaware National Wild and Scenic River,National Wild and Scenic River,Lower Delaware
Auto/ATV,Mesa Verde National Park,National Park,Mesa Verde
Auto/ATV,Missouri National Recreational River,National Recreational River,Missouri
Auto/ATV,Missouri National Recreational River,National Recreational River,Missouri
Auto/ATV,Mojave National Preserve,National Preserve,Mojave
Auto/ATV,Monocacy National Battlefield,National Battlefield,Monocacy
Auto/ATV,Mormon Pioneer National Historic Trail,National Historic Trail,Mormon Pioneer
Auto/ATV,Mormon Pioneer National Historic Trail,National Historic Trail,Mormon Pioneer
Auto/ATV,Mormon Pioneer National Historic Trail,National Historic Trail,Mormon Pioneer
Auto/ATV,Mormon Pioneer National Historic Trail,National Historic Trail,Mormon Pioneer
Auto/ATV,Mormon Pioneer National Historic Trail,National Historic Trail,Mormon Pioneer
Auto/ATV,Mount Rainier National Park,National Park,Mount Rainier
Auto/ATV,Natchez Trace Parkway,Parkway,Natchez Trace
Auto/ATV,Natchez Trace Parkway,Parkway,Natchez Trace
Auto/ATV,Natchez Trace Parkway,Parkway,Natchez Trace
Auto/ATV,New River Gorge National Park and Preserve,National Park and Preserve,New River Gorge
Auto/ATV,North Cascades National Park,National Park,North Cascades
Auto/ATV,Old Spanish National Historic Trail,National Historic Trail,Old Spanish
Auto/ATV,Old Spanish National Historic Trail,National Historic Trail,Old Spanish
Auto/ATV,Old Spanish National Historic Trail,National Historic Trail,Old Spanish
Auto/ATV,Old Spanish National Historic Trail,National Historic Trail,Old Spanish
Auto/ATV,Old Spanish National Historic Trail,National Historic Trail,Old Spanish
Auto/ATV,Old Spanish National Historic Trail,National Historic Trail,Old Spanish
Auto/ATV,Oregon National Historic Trail,National Historic Trail,Oregon
Auto/ATV,Oregon National Historic Trail,National Historic Trail,Oregon
Auto/ATV,Oregon National Historic Trail,National Historic Trail,Oregon
Auto/ATV,Oregon National Historic Trail,National Historic Trail,Oregon
Auto/ATV,Oregon National Historic Trail,National Historic Trail,Oregon
Auto/ATV,Oregon National Historic Trail,National Historic Trail,Oregon
Auto/ATV,Oregon National Historic Trail,National Historic Trail,Oregon
Auto/ATV,Organ Pipe Cactus National Monument,National Monument,Organ Pipe Cactus
Auto/ATV,Ozark National Scenic Riverways,National Scenic Riverways,Ozark
Auto/ATV,Padre Island National Seashore,National Seashore,Padre Island
Auto/ATV,Grand Canyon-Parashant National Monument,National Monument,Grand Canyon-Parashant
Auto/ATV,Petrified Forest National Park,National Park,Petrified Forest
Auto/ATV,Petersburg National Battlefield,National Battlefield,Petersburg
Auto/ATV,Pictured Rocks National Lakeshore,National Lakeshore,Pictured Rocks
Auto/ATV,Pony Express National Historic Trail,National Historic Trail,Pony Express
Auto/ATV,Pony Express National Historic Trail,National Historic Trail,Pony Express
Auto/ATV,Pony Express National Historic Trail,National Historic Trail,Pony Express
Auto/ATV,Pony Express National Historic Trail,National Historic Trail,Pony Express
Auto/ATV,Pony Express National Historic Trail,National Historic Trail,Pony Express
Auto/ATV,Pony Express National Historic Trail,National Historic Trail,Pony Express
Auto/ATV,Pony Express National Historic Trail,National Historic Trail,Pony Express
Auto/ATV,Pony Express National Historic Trail,National Historic Trail,Pony Express
Auto/ATV,River Raisin National Battlefield Park,National Battlefield Park,River Raisin
Auto/ATV,Rock Creek Park,Park,Rock Creek
Auto/ATV,Rocky Mountain National Park,National Park,Rocky Mountain
Auto/ATV,Santa Fe National Historic Trail,National Historic Trail,Santa Fe
Auto/ATV,Santa Fe National Historic Trail,National Historic Trail,Santa Fe
Auto/ATV,Santa Fe National Historic Trail,National Historic Trail,Santa Fe
Auto/ATV,Santa Fe National Historic Trail,National Historic Trail,Santa Fe
Auto/ATV,Santa Fe National Historic Trail,National Historic Trail,Santa Fe
Auto/ATV,Saguaro National Park,National Park,Saguaro
Auto/ATV,Saratoga National Historical Park,National Historical Park,Saratoga
Auto/ATV,Sequoia & Kings Canyon National Parks,National Parks,Sequoia & Kings Canyon
Auto/ATV,Shiloh National Military Park,National Military Park,Shiloh
Auto/ATV,Shiloh National Military Park,National Military Park,Shiloh
Auto/ATV,Theodore Roosevelt National Park,National Park,Theodore Roosevelt
Auto/ATV,Timucuan Ecological & Historic Preserve,Ecological & Historic Preserve,Timucuan
Auto/ATV,Valley Forge National Historical Park,National Historical Park,Valley Forge
Auto/ATV,Valles Caldera National Preserve,National Preserve,Valles Caldera
Auto/ATV,Trail Of Tears National Historic Trail,National Historic Trail,Trail Of Tears
Auto/ATV,Trail Of Tears National Historic Trail,National Historic Trail,Trail Of Tears
Auto/ATV,Trail Of Tears National Historic Trail,National Historic Trail,Trail Of Tears
Auto/ATV,Trail Of Tears National Historic Trail,National Historic Trail,Trail Of Tears
Auto/ATV,Trail Of Tears National Historic Trail,National Historic Trail,Trail Of Tears
Auto/ATV,Trail Of Tears National Historic Trail,National Historic Trail,Trail Of Tears
Auto/ATV,Trail Of Tears National Historic Trail,National Historic Trail,Trail Of Tears
Auto/ATV,Trail Of Tears National Historic Trail,National Historic Trail,Trail Of Tears
Auto/ATV,Trail Of Tears National Historic Trail,National Historic Trail,Trail Of Tears
  Climbing, Acadia National Park,  National Park,
  Climbing, Aniakchak National Monument & Preserve,  National Monument & Preserve,
  Climbing, Arches National Park,  National Park,
  Climbing, Big South Fork National River & Recreation Area,  National River & Recreation Area,
  Climbing, Black Canyon Of The Gunnison National Park,  National Park,
  Climbing, Canyonlands National Park,  National Park,
  Climbing, Capitol Reef National Park,  National Park,
  Climbing, Catoctin Mountain Park,  Park,
  Climbing, Chickamauga & Chattanooga National Military Park,  National Military Park,
  Climbing, City Of Rocks National Reserve,  National Reserve,
  Climbing, Colorado National Monument,  National Monument,
  Climbing, Denali National Park & Preserve,  National Park & Preserve,
  Climbing, Devils Tower National Monument,  National Monument,
  Climbing, Delaware Water Gap National Recreation Area,  National Recreation Area,
  Climbing, Gates Of The Arctic National Park & Preserve,  National Park & Preserve,
  Climbing, Glacier National Park,  National Park,
  Climbing, Glacier Bay National Park & Preserve,  National Park & Preserve,
  Climbing, Great Basin National Park,  National Park,
  Climbing, Great Sand Dunes National Park & Preserve,  National Park & Preserve,
  Climbing, Grand Teton National Park,  National Park,
  Climbing, Joshua Tree National Park,  National Park,
  Climbing, Kenai Fjords National Park,  National Park,
  Climbing, Klondike Gold Rush National Historical Park,  National Historical Park,
  Climbing, Lake Clark National Park & Preserve,  National Park & Preserve,
  Climbing, Little River Canyon National Preserve,  National Preserve,
  Climbing, Mount Rainier National Park,  National Park,
  Climbing, New River Gorge National Park and Preserve,  National Park and Preserve,
  Climbing, North Cascades National Park,  National Park,
  Climbing, Obed Wild & Scenic River,  Wild & Scenic River,
  Climbing, Olympic National Park,  National Park,
  Climbing, Pinnacles National Park,  National Park,
  Climbing, Pictured Rocks National Lakeshore,  National Lakeshore,
  Climbing, Rocky Mountain National Park,  National Park,
  Climbing, Santa Monica Mountains National Recreation Area,  National Recreation Area,
  Climbing, Sequoia & Kings Canyon National Parks,  National Parks,
  Climbing, Shenandoah National Park,  National Park,
  Climbing, Wrangell - St Elias National Park & Preserve,  National Park & Preserve,
  Climbing, Yosemite National Park,  National Park,
  Climbing, Zion National Park,  National Park,
Horse Trekking,  Acadia National Park,,
Horse Trekking,  Arches National Park,,
Horse Trekking,  Assateague Island National Seashore,,
Horse Trekking,  Badlands National Park,,
Horse Trekking,  Big South Fork National River & Recreation Area,,
Horse Trekking,  Black Canyon Of The Gunnison National Park,,
Horse Trekking,  Bryce Canyon National Park,,
Horse Trekking,  Buffalo National River,,
Horse Trekking,  California National Historic Trail,,
Horse Trekking,  Canaveral National Seashore,,
Horse Trekking,  Canyonlands National Park,,
Horse Trekking,  Capitol Reef National Park,,
Horse Trekking,  Catoctin Mountain Park,,
Horse Trekking,  Chickamauga & Chattanooga National Military Park,,
Horse Trekking,  Chickasaw National Recreation Area,,
Horse Trekking,  Chesapeake & Ohio Canal National Historical Park,,
Horse Trekking,  City Of Rocks National Reserve,,
Horse Trekking,  Curecanti National Recreation Area,,
Horse Trekking,  Cuyahoga Valley National Park,,
Horse Trekking,  Devils Postpile National Monument,,
Horse Trekking,  Death Valley National Park,,
Horse Trekking,  Delaware Water Gap National Recreation Area,,
Horse Trekking,"  ""Ebeys Landing National Historical Reserve""",,
Horse Trekking,  Florissant Fossil Beds National Monument,,
Horse Trekking,  Fort Bowie National Historic Site,,
Horse Trekking,  First State National Historical Park,,
Horse Trekking,  Gettysburg National Military Park,,
Horse Trekking,  George Washington Birthplace National Monument,,
Horse Trekking,  Gila Cliff Dwellings National Monument,,
Horse Trekking,  Glacier National Park,,
Horse Trekking,  Golden Gate National Recreation Area,,
Horse Trekking,  Great Basin National Park,,
Horse Trekking,  Grand Canyon National Park,,
Horse Trekking,  Great Sand Dunes National Park & Preserve,,
Horse Trekking,  Great Smoky Mountains National Park,,
Horse Trekking,  Grand Teton National Park,,
Horse Trekking,  Gulf Islands National Seashore,,
Horse Trekking,  Guadalupe Mountains National Park,,
Horse Trekking,  Horseshoe Bend National Military Park,,
Horse Trekking,  Hopewell Furnace National Historic Site,,
Horse Trekking,  Indiana Dunes National Park,,
Horse Trekking,  Joshua Tree National Park,,
Horse Trekking,  Juan Bautista de Anza National Historic Trail,,
Horse Trekking,  Lake Mead National Recreation Area,,
Horse Trekking,  Lake Meredith National Recreation Area,,
Horse Trekking,  Lassen Volcanic National Park,,
Horse Trekking,  Little River Canyon National Preserve,,
Horse Trekking,  Marsh - Billings - Rockefeller National Historical Park,,
Horse Trekking,  Mammoth Cave National Park,,
Horse Trekking,  Manassas National Battlefield Park,,
Horse Trekking,  Mojave National Preserve,,
Horse Trekking,  Mormon Pioneer National Historic Trail,,
Horse Trekking,  Morristown National Historical Park,,
Horse Trekking,  Natchez Trace National Scenic Trail,,
Horse Trekking,  Nez Perce National Historical Park,,
Horse Trekking,  New River Gorge National Park and Preserve,,
Horse Trekking,  Ninety Six National Historic Site,,
Horse Trekking,  North Cascades National Park,,
Horse Trekking,  North Country National Scenic Trail,,
Horse Trekking,  Old Spanish National Historic Trail,,
Horse Trekking,  Olympic National Park,,
Horse Trekking,  Oregon National Historic Trail,,
Horse Trekking,  Organ Pipe Cactus National Monument,,
Horse Trekking,  Grand Canyon-Parashant National Monument,,
Horse Trekking,  Petrified Forest National Park,,
Horse Trekking,  Pea Ridge National Military Park,,
Horse Trekking,  Petersburg National Battlefield,,
Horse Trekking,  Pony Express National Historic Trail,,
Horse Trekking,  Point Reyes National Seashore,,
Horse Trekking,  Redwood National and State Parks,,
Horse Trekking,  Rock Creek Park,,
Horse Trekking,  Rocky Mountain National Park,,
Horse Trekking,  Santa Monica Mountains National Recreation Area,,
Horse Trekking,  Saratoga National Historical Park,,
Horse Trekking,  Sequoia & Kings Canyon National Parks,,
Horse Trekking,  Shenandoah National Park,,
Horse Trekking,  Theodore Roosevelt National Park,,
Horse Trekking,  Tule Springs Fossil Beds National Monument,,
Horse Trekking,  Valley Forge National Historical Park,,
Horse Trekking,  Valles Caldera National Preserve,,
Horse Trekking,  Whiskeytown National Recreation Area,,
Horse Trekking,  Wind Cave National Park,,
Horse Trekking,"  ""Wilsons Creek National Battlefield""",,
Horse Trekking,  Yellowstone National Park,,
Horse Trekking,  Yorktown Battlefield Part of Colonial National Historical Park,,
Horse Trekking,  Yosemite National Park,,
 Caving, National River,  Buffalo National River, Buffalo
 Caving, National Park,  Carlsbad Caverns National Park,  Carlsbad Caverns National Park
 Caving, National Memorial,  Coronado National Memorial, Coronado
 Caving, National Monument & Preserve,  Craters Of The Moon National Monument & Preserve, Craters Of The Moon
 Caving, National Historical Park,  Cumberland Gap National Historical Park, Cumberland Gap
 Caving, National Monument,  El Malpais National Monument, El Malpais
 Caving, National Park,  Great Basin National Park, Great Basin
 Caving, National Monument,  Jewel Cave National Monument, Jewel Cave
 Caving, National Monument,  Lava Beds National Monument, Lava Beds
 Caving, National Park,  Mammoth Cave National Park, Mammoth Cave
 Caving, National Monument & Preserve,  Oregon Caves National Monument & Preserve, Oregon Caves
 Caving, National Scenic Riverways,  Ozark National Scenic Riverways, Ozark
 Caving, National Park,  Pinnacles National Park, Pinnacles
 Caving, National Parks,  Sequoia & Kings Canyon National Parks, Sequoia & Kings Canyon
 Caving, National Monument,  Timpanogos Cave National Monument, Timpanogos Cave
 Caving, National Park,  Wind Cave National Park, Wind Cave
Fishing,Acadia National Park,National Park,Acadia
Fishing,Alagnak Wild River,Wild River,Alagnak
Fishing,Ala Kahakai National Historic Trail,National Historic Trail,Ala Kahakai
Fishing,Amistad National Recreation Area,National Recreation Area,Amistad
Fishing,Anacostia Park,Park,Anacostia
Fishing,Apostle Islands National Lakeshore,National Lakeshore,Apostle Islands
Fishing,Arkansas Post National Memorial,National Memorial,Arkansas Post
Fishing,Assateague Island National Seashore,National Seashore,Assateague Island
Fishing,Assateague Island National Seashore,National Seashore,Assateague Island
Fishing," ""Bents Old Fort National Historic Site""",National Historic Site," ""Bents Old Fort"""
Fishing,Big Bend National Park,National Park,Big Bend
Fishing,Bighorn Canyon National Recreation Area,National Recreation Area,Bighorn Canyon
Fishing,Bighorn Canyon National Recreation Area,National Recreation Area,Bighorn Canyon
Fishing,Big Hole National Battlefield,National Battlefield,Big Hole
Fishing,Biscayne National Park,National Park,Biscayne
Fishing,Big South Fork National River & Recreation Area,National River & Recreation Area,Big South Fork
Fishing,Big South Fork National River & Recreation Area,National River & Recreation Area,Big South Fork
Fishing,Big Thicket National Preserve,National Preserve,Big Thicket
Fishing,Black Canyon Of The Gunnison National Park,National Park,Black Canyon Of The Gunnison
Fishing,Blue Ridge Parkway,Parkway,Blue Ridge
Fishing,Blue Ridge Parkway,Parkway,Blue Ridge
Fishing,Blackstone River Valley National Historical Park,National Historical Park,Blackstone River Valley
Fishing,Blackstone River Valley National Historical Park,National Historical Park,Blackstone River Valley
Fishing,Bluestone National Scenic River,National Scenic River,Bluestone
Fishing,Boston Harbor Islands National Recreation Area,National Recreation Area,Boston Harbor Islands
Fishing,Boston National Historical Park,National Historical Park,Boston
Fishing,Buffalo National River,National River,Buffalo
Fishing,Cape Cod National Seashore,National Seashore,Cape Cod
Fishing,Cape Hatteras National Seashore,National Seashore,Cape Hatteras
Fishing,Captain John Smith Chesapeake National Historic Trail,National Historic Trail,Captain John Smith Chesapeake
Fishing,Captain John Smith Chesapeake National Historic Trail,National Historic Trail,Captain John Smith Chesapeake
Fishing,Captain John Smith Chesapeake National Historic Trail,National Historic Trail,Captain John Smith Chesapeake
Fishing,Captain John Smith Chesapeake National Historic Trail,National Historic Trail,Captain John Smith Chesapeake
Fishing,Captain John Smith Chesapeake National Historic Trail,National Historic Trail,Captain John Smith Chesapeake
Fishing,Captain John Smith Chesapeake National Historic Trail,National Historic Trail,Captain John Smith Chesapeake
Fishing,Cape Lookout National Seashore,National Seashore,Cape Lookout
Fishing,Canaveral National Seashore,National Seashore,Canaveral
Fishing,Capitol Reef National Park,National Park,Capitol Reef
Fishing,Catoctin Mountain Park,Park,Catoctin Mountain
Fishing,Chattahoochee River National Recreation Area,National Recreation Area,Chattahoochee River
Fishing,Chickasaw National Recreation Area,National Recreation Area,Chickasaw
Fishing,Channel Islands National Park,National Park,Channel Islands
Fishing,Chesapeake & Ohio Canal National Historical Park,National Historical Park,Chesapeake & Ohio Canal
Fishing,Chesapeake & Ohio Canal National Historical Park,National Historical Park,Chesapeake & Ohio Canal
Fishing,Chesapeake & Ohio Canal National Historical Park,National Historical Park,Chesapeake & Ohio Canal
Fishing,City Of Rocks National Reserve,National Reserve,City Of Rocks
Fishing,Congaree National Park,National Park,Congaree
Fishing,Crater Lake National Park,National Park,Crater Lake
Fishing,Curecanti National Recreation Area,National Recreation Area,Curecanti
Fishing,Cuyahoga Valley National Park,National Park,Cuyahoga Valley
Fishing,Devils Postpile National Monument,National Monument,Devils Postpile
Fishing,De Soto National Memorial,National Memorial,De Soto
Fishing,Delaware Water Gap National Recreation Area,National Recreation Area,Delaware Water Gap
Fishing,Delaware Water Gap National Recreation Area,National Recreation Area,Delaware Water Gap
Fishing,Dinosaur National Monument,National Monument,Dinosaur
Fishing,Dinosaur National Monument,National Monument,Dinosaur
Fishing,Dry Tortugas National Park,National Park,Dry Tortugas
Fishing," ""Ebeys Landing National Historical Reserve""",National Historical Reserve," ""Ebeys Landing"""
Fishing,Everglades National Park,National Park,Everglades
Fishing,Fire Island National Seashore,National Seashore,Fire Island
Fishing,Fort Laramie National Historic Site,National Historic Site,Fort Laramie
Fishing,Fort Matanzas National Monument,National Monument,Fort Matanzas
Fishing,Fort Point National Historic Site,National Historic Site,Fort Point
Fishing,Fort Sumter and Fort Moultrie National Historical Park,National Historical Park,Fort Sumter and Fort Moultrie
Fishing,Fort Washington Park,Park,Fort Washington
Fishing,First State National Historical Park,National Historical Park,First State
Fishing,First State National Historical Park,National Historical Park,First State
Fishing,Gauley River National Recreation Area,National Recreation Area,Gauley River
Fishing,Gateway National Recreation Area,National Recreation Area,Gateway
Fishing,Gateway National Recreation Area,National Recreation Area,Gateway
Fishing,George Rogers Clark National Historical Park,National Historical Park,George Rogers Clark
Fishing,George Washington Birthplace National Monument,National Monument,George Washington Birthplace
Fishing,Glacier National Park,National Park,Glacier
Fishing,Glacier Bay National Park & Preserve,National Park & Preserve,Glacier Bay
Fishing,Glen Canyon National Recreation Area,National Recreation Area,Glen Canyon
Fishing,Glen Canyon National Recreation Area,National Recreation Area,Glen Canyon
Fishing,Golden Gate National Recreation Area,National Recreation Area,Golden Gate
Fishing,Great Basin National Park,National Park,Great Basin
Fishing,Grand Canyon National Park,National Park,Grand Canyon
Fishing,Great Egg Harbor River,National Recreation Area,Great Egg Harbor River
Fishing,Great Sand Dunes National Park & Preserve,National Park & Preserve,Great Sand Dunes
Fishing,Great Smoky Mountains National Park,National Park,Great Smoky Mountains
Fishing,Great Smoky Mountains National Park,National Park,Great Smoky Mountains
Fishing,Great Smoky Mountains National Park,National Park,Great Smoky Mountains
Fishing,Grand Teton National Park,National Park,Grand Teton
Fishing,Gulf Islands National Seashore,National Seashore,Gulf Islands
Fishing,Gulf Islands National Seashore,National Seashore,Gulf Islands
Fishing,Horseshoe Bend National Military Park,National Military Park,Horseshoe Bend
Fishing,Hot Springs National Park,National Park,Hot Springs
Fishing,Ice Age National Scenic Trail,National Scenic Trail,Ice Age
Fishing,Indiana Dunes National Park,National Park,Indiana Dunes
Fishing,Isle Royale National Park,National Park,Isle Royale
Fishing,Jean Lafitte National Historical Park and Preserve,National Historical Park and Preserve,New Orleans
Fishing,Kaloko-Honokōhau National Historical Park,National Historical Park,Kaloko-Honokōhau
Fishing,Katmai National Park & Preserve,National Park & Preserve,Katmai
Fishing,Katahdin Woods and Waters National Monument,National Monument,Katahdin Woods and Waters
Fishing,Kenai Fjords National Park,National Park,Kenai Fjords
Fishing,Knife River Indian Villages National Historic Site,National Historic Site,Knife River Indian Villages
Fishing,Kobuk Valley National Park,National Park,Kobuk Valley
Fishing,Lake Clark National Park & Preserve,National Park & Preserve,Lake Clark
Fishing,Lake Mead National Recreation Area,National Recreation Area,Lake Mead
Fishing,Lake Mead National Recreation Area,National Recreation Area,Lake Mead
Fishing,Lake Meredith National Recreation Area,National Recreation Area,Lake Meredith
Fishing,Lake Roosevelt National Recreation Area,National Recreation Area,Lake Roosevelt
Fishing,Lassen Volcanic National Park,National Park,Lassen Volcanic
Fishing,Lewis and Clark National Historical Park,National Historical Park,Lewis and Clark
Fishing,Lewis and Clark National Historical Park,National Historical Park,Lewis and Clark
Fishing,Lewis & Clark National Historic Trail,National Historic Trail,Lewis & Clark
Fishing,Lewis & Clark National Historic Trail,National Historic Trail,Lewis & Clark
Fishing,Lewis & Clark National Historic Trail,National Historic Trail,Lewis & Clark
Fishing,Lewis & Clark National Historic Trail,National Historic Trail,Lewis & Clark
Fishing,Lewis & Clark National Historic Trail,National Historic Trail,Lewis & Clark
Fishing,Lewis & Clark National Historic Trail,National Historic Trail,Lewis & Clark
Fishing,Lewis & Clark National Historic Trail,National Historic Trail,Lewis & Clark
Fishing,Lewis & Clark National Historic Trail,National Historic Trail,Lewis & Clark
Fishing,Lewis & Clark National Historic Trail,National Historic Trail,Lewis & Clark
Fishing,Lewis & Clark National Historic Trail,National Historic Trail,Lewis & Clark
Fishing,Lewis & Clark National Historic Trail,National Historic Trail,Lewis & Clark
Fishing,Lewis & Clark National Historic Trail,National Historic Trail,Lewis & Clark
Fishing,Lewis & Clark National Historic Trail,National Historic Trail,Lewis & Clark
Fishing,Lewis & Clark National Historic Trail,National Historic Trail,Lewis & Clark
Fishing,Lewis & Clark National Historic Trail,National Historic Trail,Lewis & Clark
Camping,Acadia National Park,National Park,Acadia
Camping,Alagnak Wild River,Wild River,Alagnak
Camping,Alibates Flint Quarries National Monument,National Monument,Alibates Flint Quarries
Camping,Ala Kahakai National Historic Trail,National Historic Trail,Ala Kahakai
Camping,Amistad National Recreation Area,National Recreation Area,Amistad
Camping,Andersonville National Historic Site,National Historic Site,Andersonville
Camping,Aniakchak National Monument & Preserve,National Monument & Preserve,Aniakchak
Camping,Antietam National Battlefield,National Battlefield,Antietam
Camping,Apostle Islands National Lakeshore,National Lakeshore,Apostle Islands
Camping,Appalachian National Scenic Trail,National Scenic Trail,Appalachian
Camping,Appalachian National Scenic Trail,National Scenic Trail,Appalachian
Camping,Appalachian National Scenic Trail,National Scenic Trail,Appalachian
Camping,Appalachian National Scenic Trail,National Scenic Trail,Appalachian
Camping,Appalachian National Scenic Trail,National Scenic Trail,Appalachian
Camping,Appalachian National Scenic Trail,National Scenic Trail,Appalachian
Camping,Appalachian National Scenic Trail,National Scenic Trail,Appalachian
Camping,Appalachian National Scenic Trail,National Scenic Trail,Appalachian
Camping,Appalachian National Scenic Trail,National Scenic Trail,Appalachian
Camping,Appalachian National Scenic Trail,National Scenic Trail,Appalachian
Camping,Appalachian National Scenic Trail,National Scenic Trail,Appalachian
Camping,Appalachian National Scenic Trail,National Scenic Trail,Appalachian
Camping,Appalachian National Scenic Trail,National Scenic Trail,Appalachian
Camping,Appalachian National Scenic Trail,National Scenic Trail,Appalachian
Camping,Appalachian National Scenic Trail,National Scenic Trail,Appalachian
Camping,Arches National Park,National Park,Arches
Camping,Assateague Island National Seashore,National Seashore,Assateague Island
Camping,Assateague Island National Seashore,National Seashore,Assateague Island
Camping,Badlands National Park,National Park,Badlands
Camping,Bandelier National Monument,National Monument,Bandelier
Camping,Bering Land Bridge National Preserve,National Preserve,Bering Land Bridge
Camping,Big Bend National Park,National Park,Big Bend
Camping,Bighorn Canyon National Recreation Area,National Recreation Area,Bighorn Canyon
Camping,Bighorn Canyon National Recreation Area,National Recreation Area,Bighorn Canyon
Camping,Big Cypress National Preserve,National Preserve,Big Cypress
Camping,Biscayne National Park,National Park,Biscayne
Camping,Big South Fork National River & Recreation Area,National River & Recreation Area,Big South Fork
Camping,Big South Fork National River & Recreation Area,National River & Recreation Area,Big South Fork
Camping,Big Thicket National Preserve,National Preserve,Big Thicket
Camping,Black Canyon Of The Gunnison National Park,National Park,Black Canyon Of The Gunnison
Camping,Blue Ridge Parkway,Parkway,Blue Ridge
Camping,Blue Ridge Parkway,Parkway,Blue Ridge
Camping,Blackstone River Valley National Historical Park,National Historical Park,Blackstone River Valley
Camping,Blackstone River Valley National Historical Park,National Historical Park,Blackstone River Valley
Camping,Boston Harbor Islands National Recreation Area,National Recreation Area,Boston Harbor Islands
Camping,Bryce Canyon National Park,National Park,Bryce Canyon
Camping,Buffalo National River,National River,Buffalo
Camping,Canyon de Chelly National Monument,National Monument,Canyon de Chelly
Camping,Cape Cod National Seashore,National Seashore,Cape Cod
Camping,Cape Hatteras National Seashore,National Seashore,Cape Hatteras
Camping,Cape Krusenstern National Monument,National Monument,Cape Krusenstern
Camping,Cape Lookout National Seashore,National Seashore,Cape Lookout
Camping,Castle Mountains National Monument,National Monument,Castle Mountains
Camping,Canaveral National Seashore,National Seashore,Canaveral
Camping,Canyonlands National Park,National Park,Canyonlands
Camping,Capitol Reef National Park,National Park,Capitol Reef
Camping,Catoctin Mountain Park,Park,Catoctin Mountain
Camping,Carlsbad Caverns National Park,National Park,Carlsbad Caverns
Camping,Cedar Breaks National Monument,National Monument,Cedar Breaks
Camping,Chaco Culture National Historical Park,National Historical Park,Chaco Culture
Camping,Chickasaw National Recreation Area,National Recreation Area,Chickasaw
Camping,Chiricahua National Monument,National Monument,Chiricahua
Camping,Channel Islands National Park,National Park,Channel Islands
Camping,Chesapeake & Ohio Canal National Historical Park,National Historical Park,Chesapeake & Ohio Canal
Camping,Chesapeake & Ohio Canal National Historical Park,National Historical Park,Chesapeake & Ohio Canal
Camping,Chesapeake & Ohio Canal National Historical Park,National Historical Park,Chesapeake & Ohio Canal
Camping,City Of Rocks National Reserve,National Reserve,City Of Rocks
Camping,Colorado National Monument,National Monument,Colorado
Camping,Congaree National Park,National Park,Congaree
Camping,Crater Lake National Park,National Park,Crater Lake
Camping,Craters Of The Moon National Monument & Preserve,National Monument & Preserve,Craters Of The Moon
Camping,Cumberland Gap National Historical Park,National Historical Park,Cumberland Gap
Camping,Cumberland Gap National Historical Park,National Historical Park,Cumberland Gap
Camping,Cumberland Gap National Historical Park,National Historical Park,Cumberland Gap
Camping,Cumberland Island National Seashore,National Seashore,Cumberland Island
Camping,Curecanti National Recreation Area,National Recreation Area,Curecanti
Camping,Cuyahoga Valley National Park,National Park,Cuyahoga Valley
Camping,Denali National Park & Preserve,National Park & Preserve,Denali
Camping,Devils Postpile National Monument,National Monument,Devils Postpile
Camping,Devils Tower National Monument,National Monument,Devils Tower
Camping,Death Valley National Park,National Park,Death Valley
Camping,Death Valley National Park,National Park,Death Valley
Camping,Delaware Water Gap National Recreation Area,National Recreation Area,Delaware Water Gap
Camping,Delaware Water Gap National Recreation Area,National Recreation Area,Delaware Water Gap
Camping,Dinosaur National Monument,National Monument,Dinosaur
Camping,Dinosaur National Monument,National Monument,Dinosaur
Camping,Dry Tortugas National Park,National Park,Dry Tortugas
Camping," ""Ebeys Landing National Historical Reserve""",National Historical Reserve," ""Ebeys Landing"""
Camping,El Malpais National Monument,National Monument,El Malpais
Camping,El Morro National Monument,National Monument,El Morro
Camping,Everglades National Park,National Park,Everglades
Camping,Fire Island National Seashore,National Seashore,Fire Island
Camping,Gates Of The Arctic National Park & Preserve,National Park & Preserve,Gates Of The Arctic
Camping,Gauley River National Recreation Area,National Recreation Area,Gauley River
Camping,Gateway National Recreation Area,National Recreation Area,Gateway
Camping,Gateway National Recreation Area,National Recreation Area,Gateway
Camping,Gettysburg National Military Park,National Military Park,Gettysburg
Camping,Gila Cliff Dwellings National Monument,National Monument,Gila Cliff Dwellings
Camping,Glacier National Park,National Park,Glacier
Camping,Glacier Bay National Park & Preserve,National Park & Preserve,Glacier Bay
Camping,Glen Canyon National Recreation Area,National Recreation Area,Glen Canyon National Recreation Area
Camping,Glen Canyon National Recreation Area,National Recreation Area,Glen Canyon National Recreation Area
Camping,Golden Gate National Recreation Area,National Recreation Area,Golden Gate
Camping,Great Basin National Park,National Park,Great Basin
Camping,Grand Canyon National Park,National Park,Grand Canyon
Camping,Greenbelt Park,National Park,Greenbelt
Camping,Great Egg Harbor River,National Recreation Area,Great Egg Harbor River
Camping,Grand Portage National Monument,National Monument,Grand Portage
Camping,Great Sand Dunes National Park & Preserve,National Park & Preserve,Great Sand Dunes
Camping,Great Smoky Mountains National Park,National Park,Great Smoky Mountains
Camping,Great Smoky Mountains National Park,National Park,Great Smoky Mountains
Camping,Grand Teton National Park,National Park,Grand Teton
Camping,Gulf Islands National Seashore,National Seashore,Gulf Islands
Camping,Gulf Islands National Seashore,National Seashore,Gulf Islands
Camping,Guadalupe Mountains National Park,National Park,Guadalupe Mountains
Camping,Haleakalā National Park,National Park,Haleakalā
Camping,Hawaiʻi Volcanoes National Park,National Park,Hawaiʻi Volcanoes
Hiking,Acadia National Park,National Park,Acadia
Hiking,Agate Fossil Beds National Monument,National Monument,Agate Fossil Beds
Hiking,Ala Kahakai National Historic Trail,National Historic Trail,Ala Kahakai
Hiking,Allegheny Portage Railroad National Historic Site,National Historic Site,Allegheny Portage Railroad
Hiking,Amistad National Recreation Area,National Recreation Area,Amistad
Hiking,Aniakchak National Monument & Preserve,National Monument & Preserve,Aniakchak
Hiking,Antietam National Battlefield,National Battlefield,Antietam
Hiking,Appomattox Court House National Historical Park,National Historical Park,Appomattox Court House
Hiking,Apostle Islands National Lakeshore,National Lakeshore,Apostle Islands
Hiking,Appalachian National Scenic Trail,National Scenic Trail,Appalachian
Hiking,Appalachian National Scenic Trail,National Scenic Trail,Appalachian
Hiking,Appalachian National Scenic Trail,National Scenic Trail,Appalachian
Hiking,Appalachian National Scenic Trail,National Scenic Trail,Appalachian
Hiking,Appalachian National Scenic Trail,National Scenic Trail,Appalachian
Hiking,Appalachian National Scenic Trail,National Scenic Trail,Appalachian
Hiking,Appalachian National Scenic Trail,National Scenic Trail,Appalachian
Hiking,Appalachian National Scenic Trail,National Scenic Trail,Appalachian
Hiking,Appalachian National Scenic Trail,National Scenic Trail,Appalachian
Hiking,Appalachian National Scenic Trail,National Scenic Trail,Appalachian
Hiking,Appalachian National Scenic Trail,National Scenic Trail,Appalachian
Hiking,Appalachian National Scenic Trail,National Scenic Trail,Appalachian
Hiking,Appalachian National Scenic Trail,National Scenic Trail,Appalachian
Hiking,Appalachian National Scenic Trail,National Scenic Trail,Appalachian
Hiking,Arches National Park,National Park,Arches
Hiking,Arkansas Post National Memorial,National Memorial,Arkansas Post
Hiking,Assateague Island National Seashore,National Seashore,Assateague Island
Hiking,Assateague Island National Seashore,National Seashore,Assateague Island
Hiking,Aztec Ruins National Monument,National Monument,Aztec Ruins
Hiking,Badlands National Park,National Park,Badlands
Hiking,Bandelier National Monument,National Monument,Bandelier
Hiking,Bering Land Bridge National Preserve,National Preserve,Bering Land Bridge
Hiking," ""Bents Old Fort National Historic Site""",National Historic Site," ""Bents Old Fort"""
Hiking,Big Bend National Park,National Park,Big Bend
Hiking,Bighorn Canyon National Recreation Area,National Recreation Area,Bighorn Canyon
Hiking,Bighorn Canyon National Recreation Area,National Recreation Area,Bighorn Canyon
Hiking,Big Cypress National Preserve,National Preserve,Big Cypress
Hiking,Big Hole National Battlefield,National Battlefield,Big Hole
Hiking,Big South Fork National River & Recreation Area,National River & Recreation Area,Big South Fork
Hiking,Big South Fork National River & Recreation Area,National River & Recreation Area,Big South Fork
Hiking,Big Thicket National Preserve,National Preserve,Big Thicket
Hiking,Black Canyon Of The Gunnison National Park,National Park,Black Canyon Of The Gunnison
Hiking,Blue Ridge Parkway,Parkway,Blue Ridge
Hiking,Blue Ridge Parkway,Parkway,Blue Ridge
Hiking,Bluestone National Scenic River,National Scenic River,Bluestone
Hiking,Boston Harbor Islands National Recreation Area,National Recreation Area,Boston Harbor Islands
Hiking,Booker T Washington National Monument,National Monument,Booker T Washington
Hiking,Bryce Canyon National Park,National Park,Bryce Canyon
Hiking,Buffalo National River,National River,Buffalo
Hiking,Buck Island Reef National Monument,National Monument,Buck Island Reef
Hiking,Cabrillo National Monument,National Monument,Cabrillo
Hiking,Canyon de Chelly National Monument,National Monument,Canyon de Chelly
Hiking,Cape Cod National Seashore,National Seashore,Cape Cod
Hiking,Cape Hatteras National Seashore,National Seashore,Cape Hatteras
Hiking,Cape Krusenstern National Monument,National Monument,Cape Krusenstern
Hiking,California National Historic Trail,National Historic Trail,California
Hiking,California National Historic Trail,National Historic Trail,California
Hiking,California National Historic Trail,National Historic Trail,California
Hiking,California National Historic Trail,National Historic Trail,California
Hiking,California National Historic Trail,National Historic Trail,California
Hiking,California National Historic Trail,National Historic Trail,California
Hiking,California National Historic Trail,National Historic Trail,California
Hiking,California National Historic Trail,National Historic Trail,California
Hiking,California National Historic Trail,National Historic Trail,California
Hiking,California National Historic Trail,National Historic Trail,California
Hiking,Canaveral National Seashore,National Seashore,Canaveral
Hiking,Camp Nelson National Monument,National Monument,Camp Nelson
Hiking,Canyonlands National Park,National Park,Canyonlands
Hiking,Capitol Reef National Park,National Park,Capitol Reef
Hiking,Catoctin Mountain Park,National Park,Catoctin Mountain
Hiking,Carlsbad Caverns National Park,National Park,Carlsbad Caverns
Hiking,Capulin Volcano National Monument,National Monument,Capulin Volcano
Hiking,Cedar Breaks National Monument,National Monument,Cedar Breaks
Hiking,Chamizal National Memorial,National Memorial,Chamizal
Hiking,Chattahoochee River National Recreation,National Recreation Area,Chattahoochee River
Hiking,Chickamauga & Chattanooga National Military Park,National Military Park,Chickamauga & Chattanooga
Hiking,Chickamauga & Chattanooga National Military Park,National Military Park,Chickamauga & Chattanooga
Hiking,Chaco Culture National Historical Park,National Historical Park,Chaco Culture
Hiking,Chickasaw National Recreation Area,National Recreation Area,Chickasaw
Hiking,Chiricahua National Monument,National Monument,Chiricahua
Hiking,Channel Islands National Park,National Park,Channel Islands
Hiking,Chesapeake & Ohio Canal National Historical Park,National Historical Park,Chesapeake & Ohio Canal
Hiking,Chesapeake & Ohio Canal National Historical Park,National Historical Park,Chesapeake & Ohio Canal
Hiking,Chesapeake & Ohio Canal National Historical Park,National Historical Park,Chesapeake & Ohio Canal
Hiking,Charles Pinckney National Historic Site,National Historic Site,Charles Pinckney
Hiking,City Of Rocks National Reserve,National Reserve,City Of Rocks
Hiking,Colorado National Monument,National Monument,Colorado
Hiking,Congaree National Park,National Park,Congaree
Hiking,Coronado National Memorial,National Memorial,Coronado
Hiking,Crater Lake National Park,National Park,Crater Lake
Hiking,Craters Of The Moon National Monument & Preserve,National Monument & Preserve,Craters Of The Moon
Hiking,Cumberland Gap National Historical Park,National Historical Park,Cumberland Gap
Hiking,Cumberland Gap National Historical Park,National Historical Park,Cumberland Gap
Hiking,Cumberland Gap National Historical Park,National Historical Park,Cumberland Gap
Hiking,Cumberland Island National Seashore,National Seashore,Cumberland Island
Hiking,Curecanti National Recreation Area,National Recreation Area,Curecanti
Hiking,Cuyahoga Valley National Park,National Park,Cuyahoga Valley
Hiking,Civil War Defenses of Washington,National Historical Park,Civil War Defenses of Washington
Hiking,Civil War Defenses of Washington,National Historical Park,Civil War Defenses of Washington
Hiking,Civil War Defenses of Washington,National Historical Park,Civil War Defenses of Washington
Hiking,Denali National Park & Preserve,National Park & Preserve,Denali
Hiking,Devils Postpile National Monument,National Monument,Devils Postpile
Hiking,Devils Tower National Monument,National Monument,Devils Tower
Hiking,Death Valley National Park,National Park,Death Valley
Hiking,Death Valley National Park,National Park,Death Valley
Hiking,Delaware Water Gap National Recreation Area,National Recreation Area,Delaware Water Gap
Hiking,Delaware Water Gap National Recreation Area,National Recreation Area,Delaware Water Gap
Hiking,Dinosaur National Monument,National Monument,Dinosaur
Hiking,Dinosaur National Monument,National Monument,Dinosaur
Hiking,National Historical Reserve," ebla, designation"," ""Ebeys Landing National Historical Reserve"""
Hiking,Effigy Mounds National Monument,National Monument,Effigy Mounds
Hiking,El Camino Real de Tierra Adentro National Historic Trail,National Historic Trail,El Camino Real de Tierra Adentro
Hiking,El Camino Real de Tierra Adentro National Historic Trail,National Historic Trail,El Camino Real de Tierra Adentro
Hiking,El Malpais National Monument,National Monument,El Malpais
Hiking,El Morro National Monument,National Monument,El Morro
Hiking,Eleanor Roosevelt National Historic Site,National Historic Site,Eleanor Roosevelt
Hiking,Everglades National Park,National Park,Everglades
Hiking,Fire Island National Seashore,National Seashore,Fire Island
Hiking,Florissant Fossil Beds National Monument,National Monument,Florissant Fossil Beds
Hiking,Flight 93 National Memorial,National Memorial,Flight 174
Hiking,Fossil Butte National Monument,National Monument,Fossil Butte
Hiking,Fort Davis National Historic Site,National Historic Site,Fort Davis
Hiking,Fort Donelson National Battlefield,National Battlefield,Fort Donelson
Hiking,Fort Donelson National Battlefield,National Battlefield,Fort Donelson
