,Rank,Park_Name,Death Total,Park Visits (2007-2018),Deaths per 10 Million Visits,Unnamed: 0,Park_Code,state,Lat,Long,designation,activities,0,1,2,3,4,5,6,7,8,9,10,11,12,13,14,15,16,17,18,19,20,21,22,23,24,25,26,27,28,29,30,31,32,33,34,35,36,37,38,39,40,41,42,43,44,45,46,47,48,49,50,51,52,53,54,55
0,1,North Cascades National Park,19,"291,255",652.35,321,noca,WA,48.71171756,-121.2069423,National Park,"['Auto and ATV', 'Scenic Driving', 'Biking', 'Road Biking', 'Boating', 'Motorized Boating', 'Boat Tour', 'Camping', 'Backcountry Camping', 'Canoe or Kayak Camping', 'Car or Front Country Camping', 'Horse Camping (see also Horse/Stock Use)', 'Group Camping', 'RV Camping', 'Climbing', 'Rock Climbing', 'Fishing', 'Guided Tours', 'Bus/Shuttle Guided Tour', 'Hands-On', 'Citizen Science', 'Hiking', 'Front-Country Hiking', 'Horse Trekking', 'Horseback Riding', 'Paddling', 'Canoe or Kayak Camping', 'Junior Ranger Program', 'Shopping', 'Bookstore and Park Store']",Auto and ATV,Scenic Driving,Biking,Road Biking,Boating,Motorized Boating,Boat Tour,Camping,Backcountry Camping,Canoe or Kayak Camping,Car or Front Country Camping,Horse Camping (see also Horse/Stock Use),Group Camping,RV Camping,Climbing,Rock Climbing,Fishing,Guided Tours,Bus/Shuttle Guided Tour,Hands-On,Citizen Science,Hiking,Front-Country Hiking,Horse Trekking,Horseback Riding,Paddling,Canoe or Kayak Camping,Junior Ranger Program,Shopping,Bookstore and Park Store,,,,,,,,,,,,,,,,,,,,,,,,,,
1,2,Denali National Park & Preserve,59,"5,870,403",100.5,114,dena,AK,63.29777484,-151.05265680000002,National Park & Preserve,"['Arts and Culture', 'Astronomy', 'Stargazing', 'Biking', 'Camping', 'Backcountry Camping', 'Car or Front Country Camping', 'Group Camping', 'RV Camping', 'Climbing', 'Mountain Climbing', 'Dog Sledding', 'Flying', 'Guided Tours', 'Bus/Shuttle Guided Tour', 'Hiking', 'Backcountry Hiking', 'Front-Country Hiking', 'Off-Trail Permitted Hiking', 'Hunting and Gathering', 'Gathering and Foraging', 'Hunting', 'Junior Ranger Program', 'Skiing', 'Cross-Country Skiing', 'Snow Play', 'Snowmobiling', 'Snowshoeing', 'Wildlife Watching', 'Park Film']",Arts and Culture,Astronomy,Stargazing,Biking,Camping,Backcountry Camping,Car or Front Country Camping,Group Camping,RV Camping,Climbing,Mountain Climbing,Dog Sledding,Flying,Guided Tours,Bus/Shuttle Guided Tour,Hiking,Backcountry Hiking,Front-Country Hiking,Off-Trail Permitted Hiking,Hunting and Gathering,Gathering and Foraging,Hunting,Junior Ranger Program,Skiing,Cross-Country Skiing,Snow Play,Snowmobiling,Snowshoeing,Wildlife Watching,Park Film,,,,,,,,,,,,,,,,,,,,,,,,,,
2,3,Upper Delaware Scenic & Recreational River,21,"3,064,806",68.52,429,upde,"NY,PA",41.66172578,-75.03861562,Scenic & Recreational River,"['Boating', 'Fishing', 'Paddling', 'Junior Ranger Program', 'Museum Exhibits']",Boating,Fishing,Paddling,Junior Ranger Program,Museum Exhibits,,,,,,,,,,,,,,,,,,,,,,,,,,,,,,,,,,,,,,,,,,,,,,,,,,,
3,4,Big Thicket National Preserve,11,"1,643,769",66.92,38,bith,TX,30.4579834310497,-94.3867421150208,National Preserve,"['Biking', 'Boating', 'Camping', 'Backcountry Camping', 'Canoe or Kayak Camping', 'Fishing', 'Hands-On', 'Citizen Science', 'Hiking', 'Hunting and Gathering', 'Hunting', 'Paddling', 'Canoeing', 'Canoe or Kayak Camping', 'Kayaking', 'Junior Ranger Program', 'Wildlife Watching', 'Birdwatching', 'Park Film', 'Shopping', 'Bookstore and Park Store', 'Gift Shop and Souvenirs']",Biking,Boating,Camping,Backcountry Camping,Canoe or Kayak Camping,Fishing,Hands-On,Citizen Science,Hiking,Hunting and Gathering,Hunting,Paddling,Canoeing,Canoe or Kayak Camping,Kayaking,Junior Ranger Program,Wildlife Watching,Birdwatching,Park Film,Shopping,Bookstore and Park Store,Gift Shop and Souvenirs,,,,,,,,,,,,,,,,,,,,,,,,,,,,,,,,,,
4,5,Little River Canyon National Preserve,17,"3,199,845",53.13,267,liri,AL,34.41461863,-85.61734327,National Preserve,"['Auto and ATV', 'Scenic Driving', 'Biking', 'Mountain Biking', 'Road Biking', 'Climbing', 'Rock Climbing', 'Fishing', 'Freshwater Fishing', 'Fly Fishing', 'Food', 'Picnicking', 'Hiking', 'Backcountry Hiking', 'Front-Country Hiking', 'Horse Trekking', 'Horseback Riding', 'Hunting and Gathering', 'Hunting', 'Paddling', 'Canoeing', 'Kayaking', 'Junior Ranger Program', 'Swimming', 'Freshwater Swimming', 'Wildlife Watching', 'Birdwatching', 'Shopping', 'Gift Shop and Souvenirs']",Auto and ATV,Scenic Driving,Biking,Mountain Biking,Road Biking,Climbing,Rock Climbing,Fishing,Freshwater Fishing,Fly Fishing,Food,Picnicking,Hiking,Backcountry Hiking,Front-Country Hiking,Horse Trekking,Horseback Riding,Hunting and Gathering,Hunting,Paddling,Canoeing,Kayaking,Junior Ranger Program,Swimming,Freshwater Swimming,Wildlife Watching,Birdwatching,Shopping,Gift Shop and Souvenirs,,,,,,,,,,,,,,,,,,,,,,,,,,,
5,6,New River Gorge National Park and Preserve,62,"13,860,271",44.73,315,neri,WV,37.86878554,-80.99956002,National Park and Preserve,"['Arts and Culture', 'Theater', 'Auto and ATV', 'Scenic Driving', 'Astronomy', 'Biking', 'Mountain Biking', 'Road Biking', 'Boating', 'Camping', 'Backcountry Camping', 'Canoe or Kayak Camping', 'Car or Front Country Camping', 'Group Camping', 'RV Camping', 'Climbing', 'Rock Climbing', 'Fishing', 'Freshwater Fishing', 'Fly Fishing', 'Food', 'Picnicking', 'Guided Tours', 'Self-Guided Tours - Walking', 'Self-Guided Tours - Auto', 'Hiking', 'Backcountry Hiking', 'Front-Country Hiking', 'Horse Trekking', 'Horseback Riding', 'Hunting and Gathering', 'Hunting', 'Paddling', 'Canoeing', 'Canoe or Kayak Camping', 'Kayaking', 'Stand Up Paddleboarding', 'Whitewater Rafting', 'Junior Ranger Program', 'Playground', 'Wildlife Watching', 'Birdwatching', 'Park Film', 'Museum Exhibits', 'Shopping', 'Bookstore and Park Store']",Arts and Culture,Theater,Auto and ATV,Scenic Driving,Astronomy,Biking,Mountain Biking,Road Biking,Boating,Camping,Backcountry Camping,Canoe or Kayak Camping,Car or Front Country Camping,Group Camping,RV Camping,Climbing,Rock Climbing,Fishing,Freshwater Fishing,Fly Fishing,Food,Picnicking,Guided Tours,Self-Guided Tours - Walking,Self-Guided Tours - Auto,Hiking,Backcountry Hiking,Front-Country Hiking,Horse Trekking,Horseback Riding,Hunting and Gathering,Hunting,Paddling,Canoeing,Canoe or Kayak Camping,Kayaking,Stand Up Paddleboarding,Whitewater Rafting,Junior Ranger Program,Playground,Wildlife Watching,Birdwatching,Park Film,Museum Exhibits,Shopping,Bookstore and Park Store,,,,,,,,,,
6,7,Virgin Islands National Park,20,"5,007,436",39.94,436,viis,VI,18.34279656,-64.74194451,National Park,"['Arts and Culture', 'Craft Demonstrations', 'Cultural Demonstrations', 'Astronomy', 'Stargazing', 'Boating', 'Motorized Boating', 'Sailing', 'Camping', 'Car or Front Country Camping', 'Fishing', 'Fly Fishing', 'Saltwater Fishing', 'Food', 'Picnicking', 'Guided Tours', 'Self-Guided Tours - Walking', 'Hiking', 'Backcountry Hiking', 'Front-Country Hiking', 'Paddling', 'Kayaking', 'Stand Up Paddleboarding', 'SCUBA Diving', 'Snorkeling', 'Swimming', 'Saltwater Swimming', 'Wildlife Watching', 'Birdwatching', 'Shopping', 'Bookstore and Park Store']",Arts and Culture,Craft Demonstrations,Cultural Demonstrations,Astronomy,Stargazing,Boating,Motorized Boating,Sailing,Camping,Car or Front Country Camping,Fishing,Fly Fishing,Saltwater Fishing,Food,Picnicking,Guided Tours,Self-Guided Tours - Walking,Hiking,Backcountry Hiking,Front-Country Hiking,Paddling,Kayaking,Stand Up Paddleboarding,SCUBA Diving,Snorkeling,Swimming,Saltwater Swimming,Wildlife Watching,Birdwatching,Shopping,Bookstore and Park Store,,,,,,,,,,,,,,,,,,,,,,,,,
7,8,Mount Rainier National Park,55,"14,583,040",37.72,299,mora,WA,46.86075416,-121.70438850000001,National Park,"['Auto and ATV', 'Scenic Driving', 'Astronomy', 'Stargazing', 'Biking', 'Camping', 'Backcountry Camping', 'Car or Front Country Camping', 'Group Camping', 'Climbing', 'Mountain Climbing', 'Fishing', 'Freshwater Fishing', 'Food', 'Dining', 'Guided Tours', 'Self-Guided Tours - Auto', 'Hands-On', 'Citizen Science', 'Hiking', 'Backcountry Hiking', 'Front-Country Hiking', 'Living History', 'Junior Ranger Program', 'Skiing', 'Snow Play', 'Snowmobiling', 'Snowshoeing', 'Wildlife Watching', 'Birdwatching', 'Park Film', 'Museum Exhibits', 'Shopping', 'Bookstore and Park Store']",Auto and ATV,Scenic Driving,Astronomy,Stargazing,Biking,Camping,Backcountry Camping,Car or Front Country Camping,Group Camping,Climbing,Mountain Climbing,Fishing,Freshwater Fishing,Food,Dining,Guided Tours,Self-Guided Tours - Auto,Hands-On,Citizen Science,Hiking,Backcountry Hiking,Front-Country Hiking,Living History,Junior Ranger Program,Skiing,Snow Play,Snowmobiling,Snowshoeing,Wildlife Watching,Birdwatching,Park Film,Museum Exhibits,Shopping,Bookstore and Park Store,,,,,,,,,,,,,,,,,,,,,,
8,9,Redwood National and State Parks,19,"5,191,506",36.6,364,redw,CA,41.37237268,-124.03181289999999,National and State Parks,"['Arts and Culture', 'Cultural Demonstrations', 'Auto and ATV', 'Scenic Driving', 'Biking', 'Camping', 'Backcountry Camping', 'Car or Front Country Camping', 'Horse Camping (see also Horse/Stock Use)', 'Hiking', 'Backcountry Hiking', 'Front-Country Hiking', 'Horse Trekking', 'Horseback Riding', 'Paddling', 'Kayaking', 'Junior Ranger Program', 'Tubing', 'River Tubing', 'Wildlife Watching', 'Birdwatching', 'Park Film', 'Shopping', 'Bookstore and Park Store']",Arts and Culture,Cultural Demonstrations,Auto and ATV,Scenic Driving,Biking,Camping,Backcountry Camping,Car or Front Country Camping,Horse Camping (see also Horse/Stock Use),Hiking,Backcountry Hiking,Front-Country Hiking,Horse Trekking,Horseback Riding,Paddling,Kayaking,Junior Ranger Program,Tubing,River Tubing,Wildlife Watching,Birdwatching,Park Film,Shopping,Bookstore and Park Store,,,,,,,,,,,,,,,,,,,,,,,,,,,,,,,,
9,10,Big Bend National Park,16,"4,398,979",36.37,34,bibe,TX,29.29817767,-103.2297897,National Park,"['Auto and ATV', 'Scenic Driving', 'Astronomy', 'Stargazing', 'Biking', 'Camping', 'Backcountry Camping', 'Fishing', 'Food', 'Guided Tours', 'Hiking', 'Backcountry Hiking', 'Paddling', 'Canoeing', 'Canoe or Kayak Camping', 'Kayaking', 'Junior Ranger Program', 'Wildlife Watching', 'Birdwatching']",Auto and ATV,Scenic Driving,Astronomy,Stargazing,Biking,Camping,Backcountry Camping,Fishing,Food,Guided Tours,Hiking,Backcountry Hiking,Paddling,Canoeing,Canoe or Kayak Camping,Kayaking,Junior Ranger Program,Wildlife Watching,Birdwatching,,,,,,,,,,,,,,,,,,,,,,,,,,,,,,,,,,,,,
10,11,Sequoia & Kings Canyon National Parks,66,"19,869,972",33.22,394,seki,CA,36.71277299,-118.587429,National Parks,"['Auto and ATV', 'Scenic Driving', 'Astronomy', 'Stargazing', 'Camping', 'Backcountry Camping', 'Car or Front Country Camping', 'Horse Camping (see also Horse/Stock Use)', 'Group Camping', 'RV Camping', 'Caving', 'Climbing', 'Rock Climbing', 'Fishing', 'Freshwater Fishing', 'Fly Fishing', 'Food', 'Dining', 'Picnicking', 'Guided Tours', 'Hands-On', 'Citizen Science', 'Hiking', 'Backcountry Hiking', 'Front-Country Hiking', 'Horse Trekking', 'Horseback Riding', 'Junior Ranger Program', 'Skiing', 'Cross-Country Skiing', 'Snow Play', 'Snowshoeing', 'Wildlife Watching', 'Birdwatching', 'Park Film', 'Museum Exhibits', 'Shopping', 'Bookstore and Park Store', 'Gift Shop and Souvenirs']",Auto and ATV,Scenic Driving,Astronomy,Stargazing,Camping,Backcountry Camping,Car or Front Country Camping,Horse Camping (see also Horse/Stock Use),Group Camping,RV Camping,Caving,Climbing,Rock Climbing,Fishing,Freshwater Fishing,Fly Fishing,Food,Dining,Picnicking,Guided Tours,Hands-On,Citizen Science,Hiking,Backcountry Hiking,Front-Country Hiking,Horse Trekking,Horseback Riding,Junior Ranger Program,Skiing,Cross-Country Skiing,Snow Play,Snowshoeing,Wildlife Watching,Birdwatching,Park Film,Museum Exhibits,Shopping,Bookstore and Park Store,Gift Shop and Souvenirs,,,,,,,,,,,,,,,,,
11,12,Channel Islands National Park,12,"3,805,343",31.53,83,chis,CA,33.98680093,-119.91127350000001,National Park,"['Astronomy', 'Stargazing', 'Boating', 'Motorized Boating', 'Sailing', 'Boat Tour', 'Camping', 'Backcountry Camping', 'Canoe or Kayak Camping', 'Group Camping', 'Compass and GPS', 'Orienteering', 'Fishing', 'Saltwater Fishing', 'Food', 'Picnicking', 'Guided Tours', 'Self-Guided Tours - Walking', 'Boat Tour', 'Hiking', 'Backcountry Hiking', 'Front-Country Hiking', 'Off-Trail Permitted Hiking', 'Paddling', 'Canoe or Kayak Camping', 'Kayaking', 'Stand Up Paddleboarding', 'Junior Ranger Program', 'SCUBA Diving', 'Snorkeling', 'Surfing', 'Swimming', 'Saltwater Swimming', 'Wildlife Watching', 'Birdwatching', 'Park Film', 'Museum Exhibits', 'Shopping', 'Bookstore and Park Store']",Astronomy,Stargazing,Boating,Motorized Boating,Sailing,Boat Tour,Camping,Backcountry Camping,Canoe or Kayak Camping,Group Camping,Compass and GPS,Orienteering,Fishing,Saltwater Fishing,Food,Picnicking,Guided Tours,Self-Guided Tours - Walking,Boat Tour,Hiking,Backcountry Hiking,Front-Country Hiking,Off-Trail Permitted Hiking,Paddling,Canoe or Kayak Camping,Kayaking,Stand Up Paddleboarding,Junior Ranger Program,SCUBA Diving,Snorkeling,Surfing,Swimming,Saltwater Swimming,Wildlife Watching,Birdwatching,Park Film,Museum Exhibits,Shopping,Bookstore and Park Store,,,,,,,,,,,,,,,,,
12,13,Glen Canyon National Recreation Area,93,"31,147,953",29.86,182,glca,"AZ,UT",36.9357464676887,-111.48559426800699,National Recreation Area,"['Auto and ATV', 'Scenic Driving', 'Astronomy', 'Stargazing', 'Biking', 'Road Biking', 'Boating', 'Jet Skiing', 'Boat Tour', 'Camping', 'Fishing', 'Food', 'Dining', 'Guided Tours', 'Self-Guided Tours - Auto', 'Boat Tour', 'Hands-On', 'Volunteer Vacation', 'Hiking', 'Paddling', 'Kayaking', 'Junior Ranger Program', 'Swimming', 'Shopping', 'Bookstore and Park Store']",Auto and ATV,Scenic Driving,Astronomy,Stargazing,Biking,Road Biking,Boating,Jet Skiing,Boat Tour,Camping,Fishing,Food,Dining,Guided Tours,Self-Guided Tours - Auto,Boat Tour,Hands-On,Volunteer Vacation,Hiking,Paddling,Kayaking,Junior Ranger Program,Swimming,Shopping,Bookstore and Park Store,,,,,,,,,,,,,,,,,,,,,,,,,,,,,,,
13,14,Yosemite National Park,133,"47,477,863",28.01,461,yose,CA,37.84883288,-119.5571873,National Park,"['Arts and Culture', 'Auto and ATV', 'Scenic Driving', 'Astronomy', 'Biking', 'Boating', 'Camping', 'Backcountry Camping', 'Climbing', 'Fishing', 'Food', 'Guided Tours', 'Hands-On', 'Hiking', 'Backcountry Hiking', 'Horse Trekking', 'Horseback Riding', 'Ice Skating', 'Living History', 'Paddling', 'Junior Ranger Program', 'Tubing', 'Snow Tubing', 'Skiing', 'Snow Play', 'Snowshoeing', 'Swimming', 'Wildlife Watching', 'Birdwatching', 'Park Film', 'Museum Exhibits', 'Shopping', 'Bookstore and Park Store']",Arts and Culture,Auto and ATV,Scenic Driving,Astronomy,Biking,Boating,Camping,Backcountry Camping,Climbing,Fishing,Food,Guided Tours,Hands-On,Hiking,Backcountry Hiking,Horse Trekking,Horseback Riding,Ice Skating,Living History,Paddling,Junior Ranger Program,Tubing,Snow Tubing,Skiing,Snow Play,Snowshoeing,Swimming,Wildlife Watching,Birdwatching,Park Film,Museum Exhibits,Shopping,Bookstore and Park Store,,,,,,,,,,,,,,,,,,,,,,,
14,15,Death Valley National Park,34,"12,798,741",26.57,112,deva,"CA,NV",36.48753731,-117.134395,National Park,"['Astronomy', 'Stargazing', 'Biking', 'Mountain Biking', 'Road Biking', 'Camping', 'Backcountry Camping', 'Car or Front Country Camping', 'Canyoneering', 'Food', 'Flying', 'Golfing', 'Guided Tours', 'Hiking', 'Backcountry Hiking', 'Front-Country Hiking', 'Horse Trekking', 'Living History', 'First Person Interpretation', 'Junior Ranger Program', 'Wildlife Watching', 'Birdwatching', 'Park Film', 'Museum Exhibits', 'Shopping', 'Bookstore and Park Store', 'Gift Shop and Souvenirs']",Astronomy,Stargazing,Biking,Mountain Biking,Road Biking,Camping,Backcountry Camping,Car or Front Country Camping,Canyoneering,Food,Flying,Golfing,Guided Tours,Hiking,Backcountry Hiking,Front-Country Hiking,Horse Trekking,Living History,First Person Interpretation,Junior Ranger Program,Wildlife Watching,Birdwatching,Park Film,Museum Exhibits,Shopping,Bookstore and Park Store,Gift Shop and Souvenirs,,,,,,,,,,,,,,,,,,,,,,,,,,,,,
15,16,Saint Croix National Scenic Riverway,16,"6,133,431",26.09,377,sacn,"WI,MN",45.70019235,-92.36126685,National Scenic Riverway,"['Boating', 'Motorized Boating', 'Camping', 'Canoe or Kayak Camping', 'Fishing', 'Freshwater Fishing', 'Fly Fishing', 'Hands-On', 'Citizen Science', 'Hiking', 'Hunting and Gathering', 'Hunting', 'Paddling', 'Canoeing', 'Canoe or Kayak Camping', 'Kayaking', 'Junior Ranger Program', 'Tubing', 'Wildlife Watching', 'Birdwatching', 'Park Film']",Boating,Motorized Boating,Camping,Canoe or Kayak Camping,Fishing,Freshwater Fishing,Fly Fishing,Hands-On,Citizen Science,Hiking,Hunting and Gathering,Hunting,Paddling,Canoeing,Canoe or Kayak Camping,Kayaking,Junior Ranger Program,Tubing,Wildlife Watching,Birdwatching,Park Film,,,,,,,,,,,,,,,,,,,,,,,,,,,,,,,,,,,
16,17,Canyonlands National Park,16,"6,550,367",24.43,61,cany,UT,38.24555783,-109.8801624,National Park,"['Astronomy', 'Stargazing', 'Biking', 'Boating', 'Camping', 'Backcountry Camping', 'Car or Front Country Camping', 'Group Camping', 'Climbing', 'Rock Climbing', 'Guided Tours', 'Boat Tour', 'Hiking', 'Horse Trekking', 'Horseback Riding', 'Paddling', 'Canoe or Kayak Camping', 'Whitewater Rafting', 'Junior Ranger Program', 'Park Film', 'Shopping', 'Bookstore and Park Store']",Astronomy,Stargazing,Biking,Boating,Camping,Backcountry Camping,Car or Front Country Camping,Group Camping,Climbing,Rock Climbing,Guided Tours,Boat Tour,Hiking,Horse Trekking,Horseback Riding,Paddling,Canoe or Kayak Camping,Whitewater Rafting,Junior Ranger Program,Park Film,Shopping,Bookstore and Park Store,,,,,,,,,,,,,,,,,,,,,,,,,,,,,,,,,,
17,18,Colorado National Monument,12,"5,065,825",23.69,97,colm,CO,39.05045016,-108.6920709,National Monument,"['Auto and ATV', 'Scenic Driving', 'Biking', 'Road Biking', 'Camping', 'Backcountry Camping', 'Car or Front Country Camping', 'Climbing', 'Rock Climbing', 'Food', 'Picnicking', 'Hiking', 'Wildlife Watching', 'Park Film', 'Shopping', 'Bookstore and Park Store']",Auto and ATV,Scenic Driving,Biking,Road Biking,Camping,Backcountry Camping,Car or Front Country Camping,Climbing,Rock Climbing,Food,Picnicking,Hiking,Wildlife Watching,Park Film,Shopping,Bookstore and Park Store,,,,,,,,,,,,,,,,,,,,,,,,,,,,,,,,,,,,,,,,
18,19,Lake Mead National Recreation Area,201,"85,878,810",23.41,256,lake,"AZ,NV",35.96622528,-114.3469067,National Recreation Area,"['Auto and ATV', 'Scenic Driving', 'Biking', 'Road Biking', 'Boating', 'Motorized Boating', 'Sailing', 'Jet Skiing', 'Boat Tour', 'Camping', 'Backcountry Camping', 'Car or Front Country Camping', 'Horse Camping (see also Horse/Stock Use)', 'Group Camping', 'RV Camping', 'Fishing', 'Freshwater Fishing', 'Food', 'Dining', 'Picnicking', 'Flying', 'Guided Tours', 'Self-Guided Tours - Walking', 'Self-Guided Tours - Auto', 'Bus/Shuttle Guided Tour', 'Boat Tour', 'Hiking', 'Backcountry Hiking', 'Front-Country Hiking', 'Horse Trekking', 'Horseback Riding', 'Hunting and Gathering', 'Hunting', 'Paddling', 'Canoeing', 'Kayaking', 'Stand Up Paddleboarding', 'Junior Ranger Program', 'SCUBA Diving', 'Snorkeling', 'Swimming', 'Freshwater Swimming', 'Water Skiing', 'Wildlife Watching', 'Park Film', 'Shopping', 'Bookstore and Park Store', 'Gift Shop and Souvenirs']",Auto and ATV,Scenic Driving,Biking,Road Biking,Boating,Motorized Boating,Sailing,Jet Skiing,Boat Tour,Camping,Backcountry Camping,Car or Front Country Camping,Horse Camping (see also Horse/Stock Use),Group Camping,RV Camping,Fishing,Freshwater Fishing,Food,Dining,Picnicking,Flying,Guided Tours,Self-Guided Tours - Walking,Self-Guided Tours - Auto,Bus/Shuttle Guided Tour,Boat Tour,Hiking,Backcountry Hiking,Front-Country Hiking,Horse Trekking,Horseback Riding,Hunting and Gathering,Hunting,Paddling,Canoeing,Kayaking,Stand Up Paddleboarding,Junior Ranger Program,SCUBA Diving,Snorkeling,Swimming,Freshwater Swimming,Water Skiing,Wildlife Watching,Park Film,Shopping,Bookstore and Park Store,Gift Shop and Souvenirs,,,,,,,,
19,20,Biscayne National Park,14,"6,032,231",23.21,41,bisc,FL,25.490586999999998,-80.21023851,National Park,"['Boating', 'Motorized Boating', 'Sailing', 'Boat Tour', 'Camping', 'Fishing', 'Guided Tours', 'Boat Tour', 'Paddling', 'Canoeing', 'Kayaking', 'Stand Up Paddleboarding', 'Junior Ranger Program', 'SCUBA Diving', 'Snorkeling', 'Swimming', 'Saltwater Swimming', 'Wildlife Watching', 'Birdwatching', 'Park Film', 'Museum Exhibits', 'Shopping', 'Bookstore and Park Store', 'Gift Shop and Souvenirs']",Boating,Motorized Boating,Sailing,Boat Tour,Camping,Fishing,Guided Tours,Boat Tour,Paddling,Canoeing,Kayaking,Stand Up Paddleboarding,Junior Ranger Program,SCUBA Diving,Snorkeling,Swimming,Saltwater Swimming,Wildlife Watching,Birdwatching,Park Film,Museum Exhibits,Shopping,Bookstore and Park Store,Gift Shop and Souvenirs,,,,,,,,,,,,,,,,,,,,,,,,,,,,,,,,
20,21,Cape Hatteras National Seashore,57,"24,963,998",22.83,63,caha,NC,35.41370839,-75.65061112,National Seashore,"['Auto and ATV', 'Auto Off-Roading', 'Astronomy', 'Stargazing', 'Camping', 'Car or Front Country Camping', 'Group Camping', 'RV Camping', 'Fishing', 'Saltwater Fishing', 'Food', 'Picnicking', 'Hiking', 'Hunting and Gathering', 'Hunting', 'Paddling', 'Canoeing', 'Kayaking', 'Junior Ranger Program', 'Snorkeling', 'Surfing', 'Swimming', 'Saltwater Swimming', 'Wildlife Watching', 'Birdwatching', 'Museum Exhibits', 'Shopping', 'Bookstore and Park Store']",Auto and ATV,Auto Off-Roading,Astronomy,Stargazing,Camping,Car or Front Country Camping,Group Camping,RV Camping,Fishing,Saltwater Fishing,Food,Picnicking,Hiking,Hunting and Gathering,Hunting,Paddling,Canoeing,Kayaking,Junior Ranger Program,Snorkeling,Surfing,Swimming,Saltwater Swimming,Wildlife Watching,Birdwatching,Museum Exhibits,Shopping,Bookstore and Park Store,,,,,,,,,,,,,,,,,,,,,,,,,,,,
21,22,Grand Canyon National Park,131,"59,741,857",21.93,188,grca,AZ,36.000116533601705,-112.12151636301,National Park,"['Arts and Culture', 'Cultural Demonstrations', 'Auto and ATV', 'Scenic Driving', 'Astronomy', 'Stargazing', 'Biking', 'Boating', 'Camping', 'Backcountry Camping', 'Car or Front Country Camping', 'Horse Camping (see also Horse/Stock Use)', 'Compass and GPS', 'Fishing', 'Food', 'Flying', 'Guided Tours', 'Hands-On', 'Volunteer Vacation', 'Hiking', 'Backcountry Hiking', 'Front-Country Hiking', 'Horse Trekking', 'Living History', 'Paddling', 'Whitewater Rafting', 'Junior Ranger Program', 'Wildlife Watching', 'Birdwatching', 'Park Film', 'Museum Exhibits', 'Shopping', 'Bookstore and Park Store']",Arts and Culture,Cultural Demonstrations,Auto and ATV,Scenic Driving,Astronomy,Stargazing,Biking,Boating,Camping,Backcountry Camping,Car or Front Country Camping,Horse Camping (see also Horse/Stock Use),Compass and GPS,Fishing,Food,Flying,Guided Tours,Hands-On,Volunteer Vacation,Hiking,Backcountry Hiking,Front-Country Hiking,Horse Trekking,Living History,Paddling,Whitewater Rafting,Junior Ranger Program,Wildlife Watching,Birdwatching,Park Film,Museum Exhibits,Shopping,Bookstore and Park Store,,,,,,,,,,,,,,,,,,,,,,,
22,23,Saguaro National Park,16,"8,832,663",18.11,375,sagu,AZ,32.20909636,-110.75749740000002,National Park,"['Arts and Culture', 'Auto and ATV', 'Scenic Driving', 'Astronomy', 'Stargazing', 'Biking', 'Camping', 'Backcountry Camping', 'Guided Tours', 'Hiking', 'Backcountry Hiking', 'Junior Ranger Program']",Arts and Culture,Auto and ATV,Scenic Driving,Astronomy,Stargazing,Biking,Camping,Backcountry Camping,Guided Tours,Hiking,Backcountry Hiking,Junior Ranger Program,,,,,,,,,,,,,,,,,,,,,,,,,,,,,,,,,,,,,,,,,,,,
23,24,Buffalo National River,29,"16,373,311",17.71,54,buff,AR,36.04116481,-92.90761584,National River,"['Camping', 'Backcountry Camping', 'Caving', 'Fishing', 'Food', 'Guided Tours', 'Hiking', 'Backcountry Hiking', 'Off-Trail Permitted Hiking', 'Horse Trekking', 'Hunting and Gathering', 'Paddling', 'Canoeing', 'Junior Ranger Program', 'Wildlife Watching']",Camping,Backcountry Camping,Caving,Fishing,Food,Guided Tours,Hiking,Backcountry Hiking,Off-Trail Permitted Hiking,Horse Trekking,Hunting and Gathering,Paddling,Canoeing,Junior Ranger Program,Wildlife Watching,,,,,,,,,,,,,,,,,,,,,,,,,,,,,,,,,,,,,,,,,
24,25,Shenandoah National Park,25,"14,852,349",16.83,395,shen,VA,38.49236644,-78.46907715,National Park,"['Astronomy', 'Stargazing', 'Biking', 'Road Biking', 'Camping', 'Backcountry Camping', 'Car or Front Country Camping', 'Group Camping', 'RV Camping', 'Climbing', 'Rock Climbing', 'Fishing', 'Food', 'Dining', 'Picnicking', 'Hands-On', 'Citizen Science', 'Hiking', 'Horse Trekking', 'Horseback Riding', 'Junior Ranger Program', 'Wildlife Watching', 'Birdwatching', 'Museum Exhibits', 'Shopping', 'Bookstore and Park Store', 'Gift Shop and Souvenirs']",Astronomy,Stargazing,Biking,Road Biking,Camping,Backcountry Camping,Car or Front Country Camping,Group Camping,RV Camping,Climbing,Rock Climbing,Fishing,Food,Dining,Picnicking,Hands-On,Citizen Science,Hiking,Horse Trekking,Horseback Riding,Junior Ranger Program,Wildlife Watching,Birdwatching,Museum Exhibits,Shopping,Bookstore and Park Store,Gift Shop and Souvenirs,,,,,,,,,,,,,,,,,,,,,,,,,,,,,
25,26,Grand Teton National Park,54,"34,325,043",15.73,191,grte,WY,43.81853565,-110.7054666,National Park,"['Arts and Culture', 'Cultural Demonstrations', 'Auto and ATV', 'Scenic Driving', 'Biking', 'Road Biking', 'Boating', 'Motorized Boating', 'Sailing', 'Boat Tour', 'Camping', 'Backcountry Camping', 'Canoe or Kayak Camping', 'Car or Front Country Camping', 'Horse Camping (see also Horse/Stock Use)', 'Group Camping', 'RV Camping', 'Climbing', 'Rock Climbing', 'Mountain Climbing', 'Ice Climbing', 'Fishing', 'Freshwater Fishing', 'Fly Fishing', 'Food', 'Dining', 'Guided Tours', 'Self-Guided Tours - Auto', 'Boat Tour', 'Hiking', 'Backcountry Hiking', 'Front-Country Hiking', 'Off-Trail Permitted Hiking', 'Horse Trekking', 'Horse Camping (see also camping)', 'Horseback Riding', 'Hunting and Gathering', 'Hunting', 'Paddling', 'Canoeing', 'Canoe or Kayak Camping', 'Kayaking', 'Stand Up Paddleboarding', 'Junior Ranger Program', 'Skiing', 'Cross-Country Skiing', 'Snowmobiling', 'Snowshoeing', 'Water Skiing', 'Wildlife Watching', 'Birdwatching', 'Shopping', 'Bookstore and Park Store']",Arts and Culture,Cultural Demonstrations,Auto and ATV,Scenic Driving,Biking,Road Biking,Boating,Motorized Boating,Sailing,Boat Tour,Camping,Backcountry Camping,Canoe or Kayak Camping,Car or Front Country Camping,Horse Camping (see also Horse/Stock Use),Group Camping,RV Camping,Climbing,Rock Climbing,Mountain Climbing,Ice Climbing,Fishing,Freshwater Fishing,Fly Fishing,Food,Dining,Guided Tours,Self-Guided Tours - Auto,Boat Tour,Hiking,Backcountry Hiking,Front-Country Hiking,Off-Trail Permitted Hiking,Horse Trekking,Horse Camping (see also camping),Horseback Riding,Hunting and Gathering,Hunting,Paddling,Canoeing,Canoe or Kayak Camping,Kayaking,Stand Up Paddleboarding,Junior Ranger Program,Skiing,Cross-Country Skiing,Snowmobiling,Snowshoeing,Water Skiing,Wildlife Watching,Birdwatching,Shopping,Bookstore and Park Store,,,
26,28,Padre Island National Seashore,11,"7,243,575",15.19,334,pais,TX,27.05381186,-97.35901135,National Seashore,"['Arts and Culture', 'Auto and ATV', 'Biking', 'Boating', 'Camping', 'Fishing', 'Paddling', 'Canoeing', 'Kayaking', 'Junior Ranger Program', 'Swimming', 'Saltwater Swimming', 'Wildlife Watching', 'Birdwatching', 'Shopping', 'Bookstore and Park Store']",Arts and Culture,Auto and ATV,Biking,Boating,Camping,Fishing,Paddling,Canoeing,Kayaking,Junior Ranger Program,Swimming,Saltwater Swimming,Wildlife Watching,Birdwatching,Shopping,Bookstore and Park Store,,,,,,,,,,,,,,,,,,,,,,,,,,,,,,,,,,,,,,,,
27,29,Natchez Trace Parkway,104,"72,030,899",14.44,304,natr,"AL,MS,TN",33.78002293,-89.03092439,Parkway,"['Auto and ATV', 'Scenic Driving', 'Astronomy', 'Biking', 'Road Biking', 'Camping', 'Car or Front Country Camping', 'RV Camping', 'Fishing', 'Freshwater Fishing', 'Food', 'Picnicking', 'Guided Tours', 'Self-Guided Tours - Walking', 'Self-Guided Tours - Auto', 'Junior Ranger Program', 'Wildlife Watching', 'Birdwatching', 'Shopping', 'Bookstore and Park Store']",Auto and ATV,Scenic Driving,Astronomy,Biking,Road Biking,Camping,Car or Front Country Camping,RV Camping,Fishing,Freshwater Fishing,Food,Picnicking,Guided Tours,Self-Guided Tours - Walking,Self-Guided Tours - Auto,Junior Ranger Program,Wildlife Watching,Birdwatching,Shopping,Bookstore and Park Store,,,,,,,,,,,,,,,,,,,,,,,,,,,,,,,,,,,,
28,30,Glacier National Park,37,"28,250,811",13.1,181,glac,MT,48.68414678,-113.80093059999999,National Park,"['Arts and Culture', 'Cultural Demonstrations', 'Live Music', 'Theater', 'Auto and ATV', 'Scenic Driving', 'Astronomy', 'Biking', 'Road Biking', 'Boating', 'Motorized Boating', 'Boat Tour', 'Camping', 'Backcountry Camping', 'Canoe or Kayak Camping', 'Car or Front Country Camping', 'Horse Camping (see also Horse/Stock Use)', 'Group Camping', 'Climbing', 'Mountain Climbing', 'Fishing', 'Food', 'Guided Tours', 'Self-Guided Tours - Walking', 'Self-Guided Tours - Auto', 'Bus/Shuttle Guided Tour', 'Boat Tour', 'Hands-On', 'Citizen Science', 'Hiking', 'Horse Trekking', 'Horse Camping (see also camping)', 'Horseback Riding', 'Paddling', 'Canoe or Kayak Camping', 'Stand Up Paddleboarding', 'Whitewater Rafting', 'Junior Ranger Program', 'Skiing', 'Cross-Country Skiing', 'Snow Play', 'Snowshoeing', 'Swimming', 'Park Film', 'Museum Exhibits', 'Shopping', 'Bookstore and Park Store']",Arts and Culture,Cultural Demonstrations,Live Music,Theater,Auto and ATV,Scenic Driving,Astronomy,Biking,Road Biking,Boating,Motorized Boating,Boat Tour,Camping,Backcountry Camping,Canoe or Kayak Camping,Car or Front Country Camping,Horse Camping (see also Horse/Stock Use),Group Camping,Climbing,Mountain Climbing,Fishing,Food,Guided Tours,Self-Guided Tours - Walking,Self-Guided Tours - Auto,Bus/Shuttle Guided Tour,Boat Tour,Hands-On,Citizen Science,Hiking,Horse Trekking,Horse Camping (see also camping),Horseback Riding,Paddling,Canoe or Kayak Camping,Stand Up Paddleboarding,Whitewater Rafting,Junior Ranger Program,Skiing,Cross-Country Skiing,Snow Play,Snowshoeing,Swimming,Park Film,Museum Exhibits,Shopping,Bookstore and Park Store,,,,,,,,,
29,31,Lake Roosevelt National Recreation Area,21,"16,240,491",12.93,258,laro,WA,48.17148735,-118.3513713,National Recreation Area,"['Boating', 'Camping', 'Canoe or Kayak Camping', 'Car or Front Country Camping', 'Group Camping', 'RV Camping', 'Fishing', 'Food', 'Picnicking', 'Guided Tours', 'Self-Guided Tours - Walking', 'Hands-On', 'Citizen Science', 'Hiking', 'Hunting and Gathering', 'Hunting', 'Paddling', 'Canoe or Kayak Camping', 'Junior Ranger Program', 'Swimming', 'Park Film', 'Museum Exhibits']",Boating,Camping,Canoe or Kayak Camping,Car or Front Country Camping,Group Camping,RV Camping,Fishing,Food,Picnicking,Guided Tours,Self-Guided Tours - Walking,Hands-On,Citizen Science,Hiking,Hunting and Gathering,Hunting,Paddling,Canoe or Kayak Camping,Junior Ranger Program,Swimming,Park Film,Museum Exhibits,,,,,,,,,,,,,,,,,,,,,,,,,,,,,,,,,,
30,32,Yellowstone National Park,51,"43,283,275",11.78,459,yell,"ID,MT,WY",44.59824417,-110.54716950000001,National Park,"['Arts and Culture', 'Auto and ATV', 'Scenic Driving', 'Astronomy', 'Biking', 'Mountain Biking', 'Road Biking', 'Boating', 'Boat Tour', 'Camping', 'Backcountry Camping', 'Canoe or Kayak Camping', 'Car or Front Country Camping', 'Horse Camping (see also Horse/Stock Use)', 'Group Camping', 'RV Camping', 'Fishing', 'Freshwater Fishing', 'Fly Fishing', 'Food', 'Dining', 'Picnicking', 'Guided Tours', 'Self-Guided Tours - Walking', 'Self-Guided Tours - Auto', 'Bus/Shuttle Guided Tour', 'Boat Tour', 'Hands-On', 'Arts and Crafts', 'Volunteer Vacation', 'Hiking', 'Backcountry Hiking', 'Front-Country Hiking', 'Horse Trekking', 'Horseback Riding', 'Paddling', 'Canoeing', 'Canoe or Kayak Camping', 'Kayaking', 'Junior Ranger Program', 'Skiing', 'Cross-Country Skiing', 'Snow Play', 'Snowmobiling', 'Snowshoeing', 'Swimming', 'Wildlife Watching', 'Birdwatching', 'Park Film', 'Museum Exhibits', 'Shopping', 'Bookstore and Park Store', 'Gift Shop and Souvenirs']",Arts and Culture,Auto and ATV,Scenic Driving,Astronomy,Biking,Mountain Biking,Road Biking,Boating,Boat Tour,Camping,Backcountry Camping,Canoe or Kayak Camping,Car or Front Country Camping,Horse Camping (see also Horse/Stock Use),Group Camping,RV Camping,Fishing,Freshwater Fishing,Fly Fishing,Food,Dining,Picnicking,Guided Tours,Self-Guided Tours - Walking,Self-Guided Tours - Auto,Bus/Shuttle Guided Tour,Boat Tour,Hands-On,Arts and Crafts,Volunteer Vacation,Hiking,Backcountry Hiking,Front-Country Hiking,Horse Trekking,Horseback Riding,Paddling,Canoeing,Canoe or Kayak Camping,Kayaking,Junior Ranger Program,Skiing,Cross-Country Skiing,Snow Play,Snowmobiling,Snowshoeing,Swimming,Wildlife Watching,Birdwatching,Park Film,Museum Exhibits,Shopping,Bookstore and Park Store,Gift Shop and Souvenirs,,,
31,33,Point Reyes National Seashore,32,"28,103,884",11.39,350,pore,CA,38.05511241,-122.8797804,National Seashore,"['Biking', 'Camping', 'Backcountry Camping', 'Canoe or Kayak Camping', 'Fishing', 'Food', 'Picnicking', 'Guided Tours', 'Hiking', 'Horse Trekking', 'Horseback Riding', 'Paddling', 'Kayaking', 'Junior Ranger Program', 'Wildlife Watching', 'Park Film', 'Shopping', 'Bookstore and Park Store']",Biking,Camping,Backcountry Camping,Canoe or Kayak Camping,Fishing,Food,Picnicking,Guided Tours,Hiking,Horse Trekking,Horseback Riding,Paddling,Kayaking,Junior Ranger Program,Wildlife Watching,Park Film,Shopping,Bookstore and Park Store,,,,,,,,,,,,,,,,,,,,,,,,,,,,,,,,,,,,,,
32,34,Lake Meredith National Recreation Area,12,"10,598,868",11.32,257,lamr,TX,35.61926203,-101.6820066,National Recreation Area,"['Auto and ATV', 'ATV Off-Roading', 'Biking', 'Mountain Biking', 'Boating', 'Camping', 'Fishing', 'Food', 'Guided Tours', 'Hiking', 'Horse Trekking', 'Horseback Riding', 'Hunting and Gathering', 'Hunting', 'Paddling', 'Canoeing', 'Kayaking', 'Junior Ranger Program', 'Shopping', 'Bookstore and Park Store']",Auto and ATV,ATV Off-Roading,Biking,Mountain Biking,Boating,Camping,Fishing,Food,Guided Tours,Hiking,Horse Trekking,Horseback Riding,Hunting and Gathering,Hunting,Paddling,Canoeing,Kayaking,Junior Ranger Program,Shopping,Bookstore and Park Store,,,,,,,,,,,,,,,,,,,,,,,,,,,,,,,,,,,,
33,35,Everglades National Park,13,"11,571,591",11.23,131,ever,FL,25.37294225,-80.88200301,National Park,"['Astronomy', 'Stargazing', 'Biking', 'Road Biking', 'Boating', 'Boat Tour', 'Camping', 'Backcountry Camping', 'Canoe or Kayak Camping', 'RV Camping', 'Compass and GPS', 'Geocaching', 'Fishing', 'Freshwater Fishing', 'Saltwater Fishing', 'Food', 'Picnicking', 'Guided Tours', 'Self-Guided Tours - Walking', 'Self-Guided Tours - Auto', 'Bus/Shuttle Guided Tour', 'Boat Tour', 'Hands-On', 'Citizen Science', 'Volunteer Vacation', 'Hiking', 'Backcountry Hiking', 'Front-Country Hiking', 'Paddling', 'Junior Ranger Program', 'Wildlife Watching', 'Birdwatching', 'Park Film', 'Museum Exhibits', 'Shopping', 'Bookstore and Park Store']",Astronomy,Stargazing,Biking,Road Biking,Boating,Boat Tour,Camping,Backcountry Camping,Canoe or Kayak Camping,RV Camping,Compass and GPS,Geocaching,Fishing,Freshwater Fishing,Saltwater Fishing,Food,Picnicking,Guided Tours,Self-Guided Tours - Walking,Self-Guided Tours - Auto,Bus/Shuttle Guided Tour,Boat Tour,Hands-On,Citizen Science,Volunteer Vacation,Hiking,Backcountry Hiking,Front-Country Hiking,Paddling,Junior Ranger Program,Wildlife Watching,Birdwatching,Park Film,Museum Exhibits,Shopping,Bookstore and Park Store,,,,,,,,,,,,,,,,,,,,
34,36,Rocky Mountain National Park,47,"41,964,578",11.2,369,romo,CO,40.3556924,-105.69728789999999,National Park,"['Arts and Culture', 'Auto and ATV', 'Scenic Driving', 'Astronomy', 'Biking', 'Camping', 'Backcountry Camping', 'Car or Front Country Camping', 'Group Camping', 'RV Camping', 'Climbing', 'Fishing', 'Food', 'Picnicking', 'Hands-On', 'Citizen Science', 'Volunteer Vacation', 'Hiking', 'Horse Trekking', 'Horseback Riding', 'Junior Ranger Program', 'Tubing', 'Snow Tubing', 'Skiing', 'Cross-Country Skiing', 'Downhill Skiing', 'Snow Play', 'Snowshoeing', 'Wildlife Watching', 'Birdwatching', 'Park Film', 'Shopping', 'Bookstore and Park Store', 'Gift Shop and Souvenirs']",Arts and Culture,Auto and ATV,Scenic Driving,Astronomy,Biking,Camping,Backcountry Camping,Car or Front Country Camping,Group Camping,RV Camping,Climbing,Fishing,Food,Picnicking,Hands-On,Citizen Science,Volunteer Vacation,Hiking,Horse Trekking,Horseback Riding,Junior Ranger Program,Tubing,Snow Tubing,Skiing,Cross-Country Skiing,Downhill Skiing,Snow Play,Snowshoeing,Wildlife Watching,Birdwatching,Park Film,Shopping,Bookstore and Park Store,Gift Shop and Souvenirs,,,,,,,,,,,,,,,,,,,,,,
35,37,Zion National Park,43,"39,313,822",10.94,464,zion,UT,37.29839254,-113.0265138,National Park,"['Arts and Culture', 'Astronomy', 'Stargazing', 'Biking', 'Road Biking', 'Camping', 'Backcountry Camping', 'Car or Front Country Camping', 'Horse Camping (see also Horse/Stock Use)', 'Canyoneering', 'Climbing', 'Rock Climbing', 'Guided Tours', 'Hiking', 'Front-Country Hiking', 'Junior Ranger Program', 'Wildlife Watching', 'Birdwatching', 'Park Film', 'Museum Exhibits', 'Shopping', 'Bookstore and Park Store']",Arts and Culture,Astronomy,Stargazing,Biking,Road Biking,Camping,Backcountry Camping,Car or Front Country Camping,Horse Camping (see also Horse/Stock Use),Canyoneering,Climbing,Rock Climbing,Guided Tours,Hiking,Front-Country Hiking,Junior Ranger Program,Wildlife Watching,Birdwatching,Park Film,Museum Exhibits,Shopping,Bookstore and Park Store,,,,,,,,,,,,,,,,,,,,,,,,,,,,,,,,,,
36,38,Joshua Tree National Park,22,"21,523,513",10.22,238,jotr,CA,33.91418525,-115.8398125,National Park,"['Auto and ATV', 'Scenic Driving', 'Astronomy', 'Stargazing', 'Biking', 'Camping', 'Backcountry Camping', 'Car or Front Country Camping', 'Horse Camping (see also Horse/Stock Use)', 'Group Camping', 'Climbing', 'Rock Climbing', 'Food', 'Picnicking', 'Guided Tours', 'Self-Guided Tours - Auto', 'Hiking', 'Backcountry Hiking', 'Front-Country Hiking', 'Horse Trekking', 'Horse Camping (see also camping)', 'Horseback Riding', 'Junior Ranger Program', 'Wildlife Watching', 'Birdwatching', 'Shopping', 'Bookstore and Park Store']",Auto and ATV,Scenic Driving,Astronomy,Stargazing,Biking,Camping,Backcountry Camping,Car or Front Country Camping,Horse Camping (see also Horse/Stock Use),Group Camping,Climbing,Rock Climbing,Food,Picnicking,Guided Tours,Self-Guided Tours - Auto,Hiking,Backcountry Hiking,Front-Country Hiking,Horse Trekking,Horse Camping (see also camping),Horseback Riding,Junior Ranger Program,Wildlife Watching,Birdwatching,Shopping,Bookstore and Park Store,,,,,,,,,,,,,,,,,,,,,,,,,,,,,
37,39,Delaware Water Gap National Recreation Area,50,"53,380,361",9.37,113,dewa,"NJ,PA",41.12793491,-74.94751173,National Recreation Area,"['Arts and Culture', 'Auto and ATV', 'Scenic Driving', 'Biking', 'Boating', 'Camping', 'Backcountry Camping', 'Canoe or Kayak Camping', 'Car or Front Country Camping', 'Group Camping', 'RV Camping', 'Climbing', 'Fishing', 'Freshwater Fishing', 'Fly Fishing', 'Food', 'Picnicking', 'Guided Tours', 'Hiking', 'Horse Trekking', 'Horseback Riding', 'Hunting and Gathering', 'Hunting', 'Paddling', 'Canoeing', 'Canoe or Kayak Camping', 'Kayaking', 'Junior Ranger Program', 'Skiing', 'Cross-Country Skiing', 'Snowshoeing', 'Swimming', 'Freshwater Swimming', 'Wildlife Watching', 'Birdwatching', 'Museum Exhibits', 'Shopping', 'Bookstore and Park Store']",Arts and Culture,Auto and ATV,Scenic Driving,Biking,Boating,Camping,Backcountry Camping,Canoe or Kayak Camping,Car or Front Country Camping,Group Camping,RV Camping,Climbing,Fishing,Freshwater Fishing,Fly Fishing,Food,Picnicking,Guided Tours,Hiking,Horse Trekking,Horseback Riding,Hunting and Gathering,Hunting,Paddling,Canoeing,Canoe or Kayak Camping,Kayaking,Junior Ranger Program,Skiing,Cross-Country Skiing,Snowshoeing,Swimming,Freshwater Swimming,Wildlife Watching,Birdwatching,Museum Exhibits,Shopping,Bookstore and Park Store,,,,,,,,,,,,,,,,,,
38,40,Chattahoochee River National Recreation Area,33,"35,544,736",9.28,86,chat,GA,33.99698333,-84.28953177,National Recreation Area,"['Biking', 'Boating', 'Fishing', 'Hiking', 'Paddling', 'Canoeing', 'Kayaking', 'Stand Up Paddleboarding', 'Whitewater Rafting', 'Junior Ranger Program', 'Tubing', 'River Tubing', 'Swimming', 'Freshwater Swimming', 'Wildlife Watching', 'Shopping', 'Bookstore and Park Store', 'Gift Shop and Souvenirs']",Biking,Boating,Fishing,Hiking,Paddling,Canoeing,Kayaking,Stand Up Paddleboarding,Whitewater Rafting,Junior Ranger Program,Tubing,River Tubing,Swimming,Freshwater Swimming,Wildlife Watching,Shopping,Bookstore and Park Store,Gift Shop and Souvenirs,,,,,,,,,,,,,,,,,,,,,,,,,,,,,,,,,,,,,,
39,41,Haleakala National Park,12,"13,338,396",9.0,204,hale,HI,20.70693015,-156.1591775,National Park,"['Camping', 'Backcountry Camping', 'Guided Tours', 'Bus/Shuttle Guided Tour', 'Hiking', 'Junior Ranger Program', 'Swimming', 'Shopping']",Camping,Backcountry Camping,Guided Tours,Bus/Shuttle Guided Tour,Hiking,Junior Ranger Program,Swimming,Shopping,,,,,,,,,,,,,,,,,,,,,,,,,,,,,,,,,,,,,,,,,,,,,,,,
40,42,Indiana Dunes National Lakeshore,19,"22,118,782",8.59,227,indu,IN,41.63765525,-87.09647445,National Park,"['Arts and Culture', 'Cultural Demonstrations', 'Auto and ATV', 'Scenic Driving', 'Biking', 'Boating', 'Camping', 'RV Camping', 'Fishing', 'Food', 'Picnicking', 'Guided Tours', 'Self-Guided Tours - Walking', 'Self-Guided Tours - Auto', 'Hiking', 'Horse Trekking', 'Paddling', 'Canoeing', 'Kayaking', 'Stand Up Paddleboarding', 'Junior Ranger Program', 'Playground', 'Skiing', 'Cross-Country Skiing', 'Snow Play', 'Snowshoeing', 'Swimming', 'Freshwater Swimming', 'Wildlife Watching', 'Birdwatching', 'Park Film', 'Shopping', 'Bookstore and Park Store']",Arts and Culture,Cultural Demonstrations,Auto and ATV,Scenic Driving,Biking,Boating,Camping,RV Camping,Fishing,Food,Picnicking,Guided Tours,Self-Guided Tours - Walking,Self-Guided Tours - Auto,Hiking,Horse Trekking,Paddling,Canoeing,Kayaking,Stand Up Paddleboarding,Junior Ranger Program,Playground,Skiing,Cross-Country Skiing,Snow Play,Snowshoeing,Swimming,Freshwater Swimming,Wildlife Watching,Birdwatching,Park Film,Shopping,Bookstore and Park Store,,,,,,,,,,,,,,,,,,,,,,,
41,43,Rock Creek Park,21,"26,360,244",7.97,368,rocr,DC,38.95125063,-77.05002838,Park,"['Arts and Culture', 'Live Music', 'Auto and ATV', 'Scenic Driving', 'Astronomy', 'Planetarium', 'Stargazing', 'Biking', 'Fishing', 'Food', 'Picnicking', 'Golfing', 'Guided Tours', 'Self-Guided Tours - Walking', 'Hiking', 'Front-Country Hiking', 'Horse Trekking', 'Horseback Riding', 'Paddling', 'Canoeing', 'Kayaking', 'Stand Up Paddleboarding', 'Junior Ranger Program', 'Playground', 'Wildlife Watching', 'Birdwatching', 'Museum Exhibits', 'Shopping', 'Bookstore and Park Store']",Arts and Culture,Live Music,Auto and ATV,Scenic Driving,Astronomy,Planetarium,Stargazing,Biking,Fishing,Food,Picnicking,Golfing,Guided Tours,Self-Guided Tours - Walking,Hiking,Front-Country Hiking,Horse Trekking,Horseback Riding,Paddling,Canoeing,Kayaking,Stand Up Paddleboarding,Junior Ranger Program,Playground,Wildlife Watching,Birdwatching,Museum Exhibits,Shopping,Bookstore and Park Store,,,,,,,,,,,,,,,,,,,,,,,,,,,
42,44,Olympic National Park,29,"37,472,214",7.74,327,olym,WA,47.80392754,-123.6663848,National Park,"['Astronomy', 'Stargazing', 'Biking', 'Road Biking', 'Boating', 'Camping', 'Backcountry Camping', 'Car or Front Country Camping', 'Horse Camping (see also Horse/Stock Use)', 'Group Camping', 'RV Camping', 'Climbing', 'Mountain Climbing', 'Fishing', 'Freshwater Fishing', 'Fly Fishing', 'Saltwater Fishing', 'Food', 'Dining', 'Picnicking', 'Guided Tours', 'Self-Guided Tours - Auto', 'Hands-On', 'Citizen Science', 'Arts and Crafts', 'Volunteer Vacation', 'Hiking', 'Backcountry Hiking', 'Front-Country Hiking', 'Horse Trekking', 'Horse Camping (see also camping)', 'Paddling', 'Canoeing', 'Kayaking', 'Junior Ranger Program', 'Tubing', 'Snow Tubing', 'Skiing', 'Cross-Country Skiing', 'Downhill Skiing', 'Snow Play', 'Snowshoeing', 'Surfing', 'Swimming', 'Pool Swimming', 'Freshwater Swimming', 'Saltwater Swimming', 'Wildlife Watching', 'Birdwatching', 'Park Film', 'Museum Exhibits', 'Shopping', 'Bookstore and Park Store', 'Gift Shop and Souvenirs']",Astronomy,Stargazing,Biking,Road Biking,Boating,Camping,Backcountry Camping,Car or Front Country Camping,Horse Camping (see also Horse/Stock Use),Group Camping,RV Camping,Climbing,Mountain Climbing,Fishing,Freshwater Fishing,Fly Fishing,Saltwater Fishing,Food,Dining,Picnicking,Guided Tours,Self-Guided Tours - Auto,Hands-On,Citizen Science,Arts and Crafts,Volunteer Vacation,Hiking,Backcountry Hiking,Front-Country Hiking,Horse Trekking,Horse Camping (see also camping),Paddling,Canoeing,Kayaking,Junior Ranger Program,Tubing,Snow Tubing,Skiing,Cross-Country Skiing,Downhill Skiing,Snow Play,Snowshoeing,Surfing,Swimming,Pool Swimming,Freshwater Swimming,Saltwater Swimming,Wildlife Watching,Birdwatching,Park Film,Museum Exhibits,Shopping,Bookstore and Park Store,Gift Shop and Souvenirs,,
43,45,Great Smoky Mountains National Park,82,"120,305,421",6.82,197,grsm,"NC,TN",35.60116374,-83.50818326,National Park,"['Arts and Culture', 'Live Music', 'Auto and ATV', 'Scenic Driving', 'Astronomy', 'Stargazing', 'Biking', 'Road Biking', 'Camping', 'Backcountry Camping', 'Car or Front Country Camping', 'Horse Camping (see also Horse/Stock Use)', 'Group Camping', 'RV Camping', 'Fishing', 'Freshwater Fishing', 'Fly Fishing', 'Food', 'Picnicking', 'Guided Tours', 'Self-Guided Tours - Auto', 'Hands-On', 'Citizen Science', 'Hiking', 'Backcountry Hiking', 'Front-Country Hiking', 'Horse Trekking', 'Horse Camping (see also camping)', 'Horseback Riding', 'Junior Ranger Program', 'Wildlife Watching', 'Birdwatching', 'Park Film', 'Museum Exhibits', 'Shopping', 'Bookstore and Park Store']",Arts and Culture,Live Music,Auto and ATV,Scenic Driving,Astronomy,Stargazing,Biking,Road Biking,Camping,Backcountry Camping,Car or Front Country Camping,Horse Camping (see also Horse/Stock Use),Group Camping,RV Camping,Fishing,Freshwater Fishing,Fly Fishing,Food,Picnicking,Guided Tours,Self-Guided Tours - Auto,Hands-On,Citizen Science,Hiking,Backcountry Hiking,Front-Country Hiking,Horse Trekking,Horse Camping (see also camping),Horseback Riding,Junior Ranger Program,Wildlife Watching,Birdwatching,Park Film,Museum Exhibits,Shopping,Bookstore and Park Store,,,,,,,,,,,,,,,,,,,,
44,46,Cuyahoga Valley National Park,18,"28,181,547",6.39,108,cuva,OH,41.26093905,-81.57116722,National Park,"['Arts and Culture', 'Craft Demonstrations', 'Cultural Demonstrations', 'Live Music', 'Biking', 'Mountain Biking', 'Camping', 'Fishing', 'Food', 'Picnicking', 'Hiking', 'Horse Trekking', 'Horseback Riding', 'Living History', 'Reenactments', 'Paddling', 'Canoeing', 'Kayaking', 'Stand Up Paddleboarding', 'Junior Ranger Program', 'Skiing', 'Cross-Country Skiing', 'Downhill Skiing', 'Snow Play', 'Snowshoeing', 'Wildlife Watching', 'Birdwatching', 'Park Film', 'Shopping', 'Bookstore and Park Store', 'Gift Shop and Souvenirs']",Arts and Culture,Craft Demonstrations,Cultural Demonstrations,Live Music,Biking,Mountain Biking,Camping,Fishing,Food,Picnicking,Hiking,Horse Trekking,Horseback Riding,Living History,Reenactments,Paddling,Canoeing,Kayaking,Stand Up Paddleboarding,Junior Ranger Program,Skiing,Cross-Country Skiing,Downhill Skiing,Snow Play,Snowshoeing,Wildlife Watching,Birdwatching,Park Film,Shopping,Bookstore and Park Store,Gift Shop and Souvenirs,,,,,,,,,,,,,,,,,,,,,,,,,
45,47,Ozark National Scenic Riverways,10,"16,030,792",6.24,333,ozar,MO,37.13968894,-91.25709817,National Scenic Riverways,"['Auto and ATV', 'Scenic Driving', 'Camping', 'Backcountry Camping', 'Canoe or Kayak Camping', 'Car or Front Country Camping', 'Horse Camping (see also Horse/Stock Use)', 'Group Camping', 'RV Camping', 'Caving', 'Fishing', 'Guided Tours', 'Self-Guided Tours - Walking', 'Self-Guided Tours - Auto', 'Hiking', 'Backcountry Hiking', 'Front-Country Hiking', 'Hunting and Gathering', 'Gathering and Foraging', 'Hunting', 'Paddling', 'Canoeing', 'Canoe or Kayak Camping', 'Kayaking', 'Stand Up Paddleboarding', 'Tubing', 'River Tubing', 'Wildlife Watching', 'Park Film']",Auto and ATV,Scenic Driving,Camping,Backcountry Camping,Canoe or Kayak Camping,Car or Front Country Camping,Horse Camping (see also Horse/Stock Use),Group Camping,RV Camping,Caving,Fishing,Guided Tours,Self-Guided Tours - Walking,Self-Guided Tours - Auto,Hiking,Backcountry Hiking,Front-Country Hiking,Hunting and Gathering,Gathering and Foraging,Hunting,Paddling,Canoeing,Canoe or Kayak Camping,Kayaking,Stand Up Paddleboarding,Tubing,River Tubing,Wildlife Watching,Park Film,,,,,,,,,,,,,,,,,,,,,,,,,,,
46,48,Hawaii Volcanoes National Park,11,"18,242,187",6.03,212,havo,HI,19.335503600000003,-155.4700257,National Park,"['Arts and Culture', 'Biking', 'Camping', 'Backcountry Camping', 'Car or Front Country Camping', 'Guided Tours', 'Hiking', 'Backcountry Hiking', 'Front-Country Hiking', 'Junior Ranger Program', 'Wildlife Watching', 'Birdwatching', 'Park Film', 'Museum Exhibits', 'Shopping', 'Bookstore and Park Store', 'Gift Shop and Souvenirs']",Arts and Culture,Biking,Camping,Backcountry Camping,Car or Front Country Camping,Guided Tours,Hiking,Backcountry Hiking,Front-Country Hiking,Junior Ranger Program,Wildlife Watching,Birdwatching,Park Film,Museum Exhibits,Shopping,Bookstore and Park Store,Gift Shop and Souvenirs,,,,,,,,,,,,,,,,,,,,,,,,,,,,,,,,,,,,,,,
47,49,Sleeping Bear Dunes National Lakeshore,10,"16,745,401",5.97,398,slbe,MI,44.92844962,-86.02706591,National Lakeshore,"['Astronomy', 'Stargazing', 'Biking', 'Camping', 'Backcountry Camping', 'Group Camping', 'Fishing', 'Guided Tours', 'Self-Guided Tours - Walking', 'Self-Guided Tours - Auto', 'Hiking', 'Hunting and Gathering', 'Hunting', 'Paddling', 'Junior Ranger Program', 'Tubing', 'River Tubing', 'Skiing', 'Cross-Country Skiing', 'Snowshoeing', 'Swimming', 'Freshwater Swimming']",Astronomy,Stargazing,Biking,Camping,Backcountry Camping,Group Camping,Fishing,Guided Tours,Self-Guided Tours - Walking,Self-Guided Tours - Auto,Hiking,Hunting and Gathering,Hunting,Paddling,Junior Ranger Program,Tubing,River Tubing,Skiing,Cross-Country Skiing,Snowshoeing,Swimming,Freshwater Swimming,,,,,,,,,,,,,,,,,,,,,,,,,,,,,,,,,,
48,50,Amistad National Recreation Area,10,"17,570,699",5.69,14,amis,TX,29.53539777,-101.07582099999999,National Recreation Area,"['Boating', 'Motorized Boating', 'Jet Skiing', 'Camping', 'Backcountry Camping', 'Group Camping', 'RV Camping', 'Fishing', 'Freshwater Fishing', 'Hiking', 'Hunting and Gathering', 'Hunting', 'Paddling', 'Junior Ranger Program', 'SCUBA Diving', 'Swimming', 'Freshwater Swimming', 'Water Skiing', 'Wildlife Watching', 'Birdwatching', 'Park Film', 'Shopping', 'Bookstore and Park Store']",Boating,Motorized Boating,Jet Skiing,Camping,Backcountry Camping,Group Camping,RV Camping,Fishing,Freshwater Fishing,Hiking,Hunting and Gathering,Hunting,Paddling,Junior Ranger Program,SCUBA Diving,Swimming,Freshwater Swimming,Water Skiing,Wildlife Watching,Birdwatching,Park Film,Shopping,Bookstore and Park Store,,,,,,,,,,,,,,,,,,,,,,,,,,,,,,,,,
49,51,Gateway National Recreation Area,51,"94,508,303",5.4,171,gate,"NY,NJ",40.56536246,-73.9171087,National Recreation Area,"['Biking', 'Boating', 'Camping', 'Fishing', 'Guided Tours', 'Paddling', 'Kayaking', 'Swimming', 'Saltwater Swimming']",Biking,Boating,Camping,Fishing,Guided Tours,Paddling,Kayaking,Swimming,Saltwater Swimming,,,,,,,,,,,,,,,,,,,,,,,,,,,,,,,,,,,,,,,,,,,,,,,
50,52,Acadia National Park,17,"31,795,162",5.35,1,acad,ME,44.409286,-68.247501,National Park,"['Arts and Culture', 'Cultural Demonstrations', 'Astronomy', 'Stargazing', 'Biking', 'Boating', 'Camping', 'Group Camping', 'Climbing', 'Rock Climbing', 'Compass and GPS', 'Geocaching', 'Fishing', 'Freshwater Fishing', 'Fly Fishing', 'Saltwater Fishing', 'Food', 'Picnicking', 'Guided Tours', 'Bus/Shuttle Guided Tour', 'Boat Tour', 'Hands-On', 'Citizen Science', 'Hiking', 'Front-Country Hiking', 'Horse Trekking', 'Horseback Riding', 'Ice Skating', 'Paddling', 'Canoeing', 'Kayaking', 'Stand Up Paddleboarding', 'Junior Ranger Program', 'Skiing', 'Cross-Country Skiing', 'Snow Play', 'Snowmobiling', 'Snowshoeing', 'Swimming', 'Freshwater Swimming', 'Saltwater Swimming', 'Wildlife Watching', 'Birdwatching', 'Park Film', 'Shopping', 'Bookstore and Park Store']",Arts and Culture,Cultural Demonstrations,Astronomy,Stargazing,Biking,Boating,Camping,Group Camping,Climbing,Rock Climbing,Compass and GPS,Geocaching,Fishing,Freshwater Fishing,Fly Fishing,Saltwater Fishing,Food,Picnicking,Guided Tours,Bus/Shuttle Guided Tour,Boat Tour,Hands-On,Citizen Science,Hiking,Front-Country Hiking,Horse Trekking,Horseback Riding,Ice Skating,Paddling,Canoeing,Kayaking,Stand Up Paddleboarding,Junior Ranger Program,Skiing,Cross-Country Skiing,Snow Play,Snowmobiling,Snowshoeing,Swimming,Freshwater Swimming,Saltwater Swimming,Wildlife Watching,Birdwatching,Park Film,Shopping,Bookstore and Park Store,,,,,,,,,,
51,53,Blue Ridge Parkway,97,"182,536,014",5.31,44,blri,"NC,VA",35.5657195273801,-82.4864845870113,Parkway,"['Arts and Culture', 'Live Music', 'Auto and ATV', 'Scenic Driving', 'Biking', 'Road Biking', 'Camping', 'Car or Front Country Camping', 'Fishing', 'Freshwater Fishing', 'Food', 'Picnicking', 'Hiking', 'Backcountry Hiking', 'Front-Country Hiking', 'Junior Ranger Program', 'Wildlife Watching', 'Shopping', 'Bookstore and Park Store']",Arts and Culture,Live Music,Auto and ATV,Scenic Driving,Biking,Road Biking,Camping,Car or Front Country Camping,Fishing,Freshwater Fishing,Food,Picnicking,Hiking,Backcountry Hiking,Front-Country Hiking,Junior Ranger Program,Wildlife Watching,Shopping,Bookstore and Park Store,,,,,,,,,,,,,,,,,,,,,,,,,,,,,,,,,,,,,
52,54,Gulf Islands National Seashore,24,"49,204,556",4.88,202,guis,"FL,MS",30.29924926,-87.75064297,National Seashore,"['Biking', 'Mountain Biking', 'Road Biking', 'Boating', 'Motorized Boating', 'Jet Skiing', 'Boat Tour', 'Camping', 'Backcountry Camping', 'Canoe or Kayak Camping', 'Car or Front Country Camping', 'Group Camping', 'RV Camping', 'Fishing', 'Freshwater Fishing', 'Saltwater Fishing', 'Food', 'Picnicking', 'Guided Tours', 'Self-Guided Tours - Walking', 'Self-Guided Tours - Auto', 'Bus/Shuttle Guided Tour', 'Boat Tour', 'Hands-On', 'Citizen Science', 'Hiking', 'Front-Country Hiking', 'Horse Trekking', 'Horseback Riding', 'Hunting and Gathering', 'Hunting', 'Living History', 'Historic Weapons Demonstration', 'Paddling', 'Canoeing', 'Kayaking', 'Stand Up Paddleboarding', 'Junior Ranger Program', 'SCUBA Diving', 'Snorkeling', 'Swimming', 'Saltwater Swimming', 'Wildlife Watching', 'Birdwatching', 'Park Film', 'Museum Exhibits', 'Shopping', 'Bookstore and Park Store']",Biking,Mountain Biking,Road Biking,Boating,Motorized Boating,Jet Skiing,Boat Tour,Camping,Backcountry Camping,Canoe or Kayak Camping,Car or Front Country Camping,Group Camping,RV Camping,Fishing,Freshwater Fishing,Saltwater Fishing,Food,Picnicking,Guided Tours,Self-Guided Tours - Walking,Self-Guided Tours - Auto,Bus/Shuttle Guided Tour,Boat Tour,Hands-On,Citizen Science,Hiking,Front-Country Hiking,Horse Trekking,Horseback Riding,Hunting and Gathering,Hunting,Living History,Historic Weapons Demonstration,Paddling,Canoeing,Kayaking,Stand Up Paddleboarding,Junior Ranger Program,SCUBA Diving,Snorkeling,Swimming,Saltwater Swimming,Wildlife Watching,Birdwatching,Park Film,Museum Exhibits,Shopping,Bookstore and Park Store,,,,,,,,
53,55,Golden Gate National Recreation Area,86,"177,394,212",4.85,185,goga,CA,37.85982543,-122.6007386,National Recreation Area,"['Arts and Culture', 'Biking', 'Mountain Biking', 'Camping', 'Car or Front Country Camping', 'Group Camping', 'Fishing', 'Saltwater Fishing', 'Food', 'Dining', 'Picnicking', 'Guided Tours', 'Self-Guided Tours - Walking', 'Hiking', 'Front-Country Hiking', 'Horse Trekking', 'Horseback Riding', 'Living History', 'Reenactments', 'Junior Ranger Program', 'Surfing', 'Wildlife Watching', 'Birdwatching', 'Museum Exhibits', 'Shopping', 'Bookstore and Park Store']",Arts and Culture,Biking,Mountain Biking,Camping,Car or Front Country Camping,Group Camping,Fishing,Saltwater Fishing,Food,Dining,Picnicking,Guided Tours,Self-Guided Tours - Walking,Hiking,Front-Country Hiking,Horse Trekking,Horseback Riding,Living History,Reenactments,Junior Ranger Program,Surfing,Wildlife Watching,Birdwatching,Museum Exhibits,Shopping,Bookstore and Park Store,,,,,,,,,,,,,,,,,,,,,,,,,,,,,,
54,56,Chesapeake & Ohio Canal National Historical Park,18,"51,351,603",3.51,87,choh,"DC,MD,WV",39.000283691955296,-77.2481399539388,National Historical Park,"['Biking', 'Road Biking', 'Boating', 'Boat Tour', 'Camping', 'Car or Front Country Camping', 'Group Camping', 'Fishing', 'Freshwater Fishing', 'Guided Tours', 'Boat Tour', 'Hiking', 'Front-Country Hiking', 'Horse Trekking', 'Horseback Riding', 'Ice Skating', 'Paddling', 'Junior Ranger Program', 'Skiing', 'Cross-Country Skiing', 'Snowshoeing', 'Wildlife Watching', 'Birdwatching', 'Shopping']",Biking,Road Biking,Boating,Boat Tour,Camping,Car or Front Country Camping,Group Camping,Fishing,Freshwater Fishing,Guided Tours,Boat Tour,Hiking,Front-Country Hiking,Horse Trekking,Horseback Riding,Ice Skating,Paddling,Junior Ranger Program,Skiing,Cross-Country Skiing,Snowshoeing,Wildlife Watching,Birdwatching,Shopping,,,,,,,,,,,,,,,,,,,,,,,,,,,,,,,,
55,57,Colonial National Historical Park,14,"39,977,457",3.5,96,colo,VA,37.22824435,-76.61998123,National Historical Park,"['Arts and Culture', 'Auto and ATV', 'Scenic Driving', 'Biking', 'Road Biking', 'Guided Tours', 'Self-Guided Tours - Walking', 'Junior Ranger Program']",Arts and Culture,Auto and ATV,Scenic Driving,Biking,Road Biking,Guided Tours,Self-Guided Tours - Walking,Junior Ranger Program,,,,,,,,,,,,,,,,,,,,,,,,,,,,,,,,,,,,,,,,,,,,,,,,
56,58,Cape Cod National Seashore,17,"53,034,104",3.21,62,caco,MA,41.92381465,-70.04319832,National Seashore,"['Auto and ATV', 'Auto Off-Roading', 'Biking', 'Camping', 'RV Camping', 'Fishing', 'Freshwater Fishing', 'Saltwater Fishing', 'Golfing', 'Guided Tours', 'Bus/Shuttle Guided Tour', 'Hiking', 'Front-Country Hiking', 'Hunting and Gathering', 'Hunting', 'Paddling', 'Canoeing', 'Kayaking', 'Stand Up Paddleboarding', 'Junior Ranger Program', 'Skiing', 'Cross-Country Skiing', 'Snowshoeing', 'Surfing', 'Swimming', 'Saltwater Swimming', 'Wildlife Watching', 'Birdwatching', 'Park Film', 'Museum Exhibits', 'Shopping', 'Bookstore and Park Store', 'Gift Shop and Souvenirs']",Auto and ATV,Auto Off-Roading,Biking,Camping,RV Camping,Fishing,Freshwater Fishing,Saltwater Fishing,Golfing,Guided Tours,Bus/Shuttle Guided Tour,Hiking,Front-Country Hiking,Hunting and Gathering,Hunting,Paddling,Canoeing,Kayaking,Stand Up Paddleboarding,Junior Ranger Program,Skiing,Cross-Country Skiing,Snowshoeing,Surfing,Swimming,Saltwater Swimming,Wildlife Watching,Birdwatching,Park Film,Museum Exhibits,Shopping,Bookstore and Park Store,Gift Shop and Souvenirs,,,,,,,,,,,,,,,,,,,,,,,
57,59,George Washington Memorial Parkway,16,"89,846,911",1.78,177,gwmp,"DC,MD,VA",38.9628,-77.1495,Memorial Parkway,"['Arts and Culture', 'Live Music', 'Biking', 'Road Biking', 'Food', 'Picnicking', 'Wildlife Watching', 'Birdwatching']",Arts and Culture,Live Music,Biking,Road Biking,Food,Picnicking,Wildlife Watching,Birdwatching,,,,,,,,,,,,,,,,,,,,,,,,,,,,,,,,,,,,,,,,,,,,,,,,
